"Address","Occurrences","Indexability","Indexability Status","Canonical Link Element 1","HTTP Canonical","Meta Robots 1","X-Robots-Tag 1","rel=""next"" 1","rel=""prev"" 1","HTTP rel=""next"" 1","HTTP rel=""prev"" 1"
"https://www.sofoservis.sk/","1","Indexable","","https://www.sofoservis.sk/","","index, follow","","","","",""
"https://www.sofoservis.sk/stahovanie-senica","1","Indexable","","https://www.sofoservis.sk/stahovanie-senica","","index, follow","","","","",""
"https://www.sofoservis.sk/en","1","Indexable","","https://www.sofoservis.sk/en","","index, follow","","","","",""
"https://www.sofoservis.sk/stahovanie-bratislava","1","Indexable","","https://www.sofoservis.sk/stahovanie-bratislava","","index, follow","","","","",""
"https://www.sofoservis.sk/montaz-nabytku","1","Indexable","","https://www.sofoservis.sk/montaz-nabytku","","index, follow","","","","",""
"https://www.sofoservis.sk/cennik","1","Indexable","","https://www.sofoservis.sk/cennik","","index, follow","","","","",""
"https://www.sofoservis.sk/likvidacia-nebezpecneho-odpadu-starych-spotrebicov","1","Indexable","","https://www.sofoservis.sk/likvidacia-nebezpecneho-odpadu-starych-spotrebicov","","index, follow","","","","",""
"https://www.sofoservis.sk/buranie-stien-priecok","1","Indexable","","https://www.sofoservis.sk/buranie-stien-priecok","","index, follow","","","","",""
"https://www.sofoservis.sk/stahovanie-sala","1","Indexable","","https://www.sofoservis.sk/stahovanie-sala","","index, follow","","","","",""
"https://www.sofoservis.sk/kontakt","1","Indexable","","https://www.sofoservis.sk/kontakt","","index, follow","","","","",""
"https://www.sofoservis.sk/stahovanie-malacky","1","Indexable","","https://www.sofoservis.sk/stahovanie-malacky","","index, follow","","","","",""
"https://www.sofoservis.sk/stahovanie-piestany","1","Indexable","","https://www.sofoservis.sk/stahovanie-piestany","","index, follow","","","","",""
"https://www.sofoservis.sk/stahovanie","1","Indexable","","https://www.sofoservis.sk/stahovanie","","index, follow","","","","",""
"https://www.sofoservis.sk/stahovanie-preprava-nabytku","1","Indexable","","https://www.sofoservis.sk/stahovanie-preprava-nabytku","","index, follow","","","","",""
"https://www.sofoservis.sk/hodinovy-manzel-majster","1","Indexable","","https://www.sofoservis.sk/hodinovy-manzel-majster","","index, follow","","","","",""
"https://www.sofoservis.sk/vypratavanie-pivnic-garazi-nebytovych-priestorov","1","Indexable","","https://www.sofoservis.sk/vypratavanie-pivnic-garazi-nebytovych-priestorov","","index, follow","","","","",""
"https://www.sofoservis.sk/stahovanie-hlohovec","1","Indexable","","https://www.sofoservis.sk/stahovanie-hlohovec","","index, follow","","","","",""
"https://www.sofoservis.sk/stahovanie-levice","1","Indexable","","https://www.sofoservis.sk/stahovanie-levice","","index, follow","","","","",""
"https://www.sofoservis.sk/zasady-pouzivania-cookies","1","Indexable","","https://www.sofoservis.sk/zasady-pouzivania-cookies","","index, follow","","","","",""
"https://www.sofoservis.sk/stahovanie-kancelarii-firiem","1","Indexable","","https://www.sofoservis.sk/stahovanie-kancelarii-firiem","","index, follow","","","","",""
"https://www.sofoservis.sk/blog","1","Indexable","","https://www.sofoservis.sk/blog","","index, follow","","","","",""
"https://www.sofoservis.sk/stahovanie-tazkych-bremien","1","Indexable","","https://www.sofoservis.sk/stahovanie-tazkych-bremien","","index, follow","","","","",""
"https://www.sofoservis.sk/vypratavanie-odvoz-stareho-nabytku","1","Indexable","","https://www.sofoservis.sk/vypratavanie-odvoz-stareho-nabytku","","index, follow","","","","",""
"https://www.sofoservis.sk/stahovanie-bytov-domov","1","Indexable","","https://www.sofoservis.sk/stahovanie-bytov-domov","","index, follow","","","","",""
"https://www.sofoservis.sk/stahovanie-komarno","1","Indexable","","https://www.sofoservis.sk/stahovanie-komarno","","index, follow","","","","",""
"https://www.sofoservis.sk/montaz-kuchyne","1","Indexable","","https://www.sofoservis.sk/montaz-kuchyne","","index, follow","","","","",""
"https://www.sofoservis.sk/stahovanie-galanta","1","Indexable","","https://www.sofoservis.sk/stahovanie-galanta","","index, follow","","","","",""
"https://www.sofoservis.sk/vypratavanie-bytov-domov","1","Indexable","","https://www.sofoservis.sk/vypratavanie-bytov-domov","","index, follow","","","","",""
"https://www.sofoservis.sk/stahovanie-nitra","1","Indexable","","https://www.sofoservis.sk/stahovanie-nitra","","index, follow","","","","",""
"https://www.sofoservis.sk/stahovanie-senec","1","Indexable","","https://www.sofoservis.sk/stahovanie-senec","","index, follow","","","","",""
"https://www.sofoservis.sk/buranie-demolacia-domov-bytov","1","Indexable","","https://www.sofoservis.sk/buranie-demolacia-domov-bytov","","index, follow","","","","",""
"https://www.sofoservis.sk/vypratavanie","1","Indexable","","https://www.sofoservis.sk/vypratavanie","","index, follow","","","","",""
"https://www.sofoservis.sk/cistenie-vypratavanie-pozemkov-nehnutelnosti","1","Indexable","","https://www.sofoservis.sk/cistenie-vypratavanie-pozemkov-nehnutelnosti","","index, follow","","","","",""
"https://www.sofoservis.sk/zasady-spracovania-osobnych-udajov","1","Indexable","","https://www.sofoservis.sk/zasady-spracovania-osobnych-udajov","","index, follow","","","","",""
"https://www.sofoservis.sk/odvoz-likvidacia-stavebneho-odpadu","1","Indexable","","https://www.sofoservis.sk/odvoz-likvidacia-stavebneho-odpadu","","index, follow","","","","",""
"https://www.sofoservis.sk/referencie","1","Indexable","","https://www.sofoservis.sk/referencie","","index, follow","","","","",""
"https://www.sofoservis.sk/stahovanie-pezinok","1","Indexable","","https://www.sofoservis.sk/stahovanie-pezinok","","index, follow","","","","",""
"https://www.sofoservis.sk/stahovanie-trnava","1","Indexable","","https://www.sofoservis.sk/stahovanie-trnava","","index, follow","","","","",""
"https://www.sofoservis.sk/stahovanie-stupava","1","Indexable","","https://www.sofoservis.sk/stahovanie-stupava","","index, follow","","","","",""
"https://www.sofoservis.sk/medzinarodne-stahovanie","1","Indexable","","https://www.sofoservis.sk/medzinarodne-stahovanie","","index, follow","","","","",""
"https://www.sofoservis.sk/stahovanie-samorin","1","Indexable","","https://www.sofoservis.sk/stahovanie-samorin","","index, follow","","","","",""
"https://www.sofoservis.sk/en/moving-stupava","1","Indexable","","https://www.sofoservis.sk/en/moving-stupava","","index, follow","","","","",""
"https://www.sofoservis.sk/medzinarodne-stahovanie/svedsko","1","Indexable","","https://www.sofoservis.sk/medzinarodne-stahovanie/svedsko","","index, follow","","","","",""
"https://www.sofoservis.sk/en/moving-trnava","1","Indexable","","https://www.sofoservis.sk/en/moving-trnava","","index, follow","","","","",""
"https://www.sofoservis.sk/medzinarodne-stahovanie/spanielsko","1","Indexable","","https://www.sofoservis.sk/medzinarodne-stahovanie/spanielsko","","index, follow","","","","",""
"https://www.sofoservis.sk/en/moving-samorin","1","Indexable","","https://www.sofoservis.sk/en/moving-samorin","","index, follow","","","","",""
"https://www.sofoservis.sk/medzinarodne-stahovanie/praha","1","Indexable","","https://www.sofoservis.sk/medzinarodne-stahovanie/praha","","index, follow","","","","",""
"https://www.sofoservis.sk/medzinarodne-stahovanie/holandsko","1","Indexable","","https://www.sofoservis.sk/medzinarodne-stahovanie/holandsko","","index, follow","","","","",""
"https://www.sofoservis.sk/medzinarodne-stahovanie/zurich","1","Indexable","","https://www.sofoservis.sk/medzinarodne-stahovanie/zurich","","index, follow","","","","",""
"https://www.sofoservis.sk/medzinarodne-stahovanie/frankfurt","1","Indexable","","https://www.sofoservis.sk/medzinarodne-stahovanie/frankfurt","","index, follow","","","","",""
"https://www.sofoservis.sk/medzinarodne-stahovanie/dublin","1","Indexable","","https://www.sofoservis.sk/medzinarodne-stahovanie/dublin","","index, follow","","","","",""
"https://www.sofoservis.sk/medzinarodne-stahovanie/norsko","1","Indexable","","https://www.sofoservis.sk/medzinarodne-stahovanie/norsko","","index, follow","","","","",""
"https://www.sofoservis.sk/stahovanie-na-slovensko","1","Indexable","","https://www.sofoservis.sk/stahovanie-na-slovensko","","index, follow","","","","",""
"https://www.sofoservis.sk/medzinarodne-stahovanie/pariz","1","Indexable","","https://www.sofoservis.sk/medzinarodne-stahovanie/pariz","","index, follow","","","","",""
"https://www.sofoservis.sk/medzinarodne-stahovanie/budapest","1","Indexable","","https://www.sofoservis.sk/medzinarodne-stahovanie/budapest","","index, follow","","","","",""
"https://www.sofoservis.sk/medzinarodne-stahovanie/belgicko","1","Indexable","","https://www.sofoservis.sk/medzinarodne-stahovanie/belgicko","","index, follow","","","","",""
"https://www.sofoservis.sk/medzinarodne-stahovanie/nemecko","1","Indexable","","https://www.sofoservis.sk/medzinarodne-stahovanie/nemecko","","index, follow","","","","",""
"https://www.sofoservis.sk/medzinarodne-stahovanie/brno","1","Indexable","","https://www.sofoservis.sk/medzinarodne-stahovanie/brno","","index, follow","","","","",""
"https://www.sofoservis.sk/medzinarodne-stahovanie/hamburg","1","Indexable","","https://www.sofoservis.sk/medzinarodne-stahovanie/hamburg","","index, follow","","","","",""
"https://www.sofoservis.sk/stahovanie-zo-slovenska","1","Indexable","","https://www.sofoservis.sk/stahovanie-zo-slovenska","","index, follow","","","","",""
"https://www.sofoservis.sk/medzinarodne-stahovanie/dansko","1","Indexable","","https://www.sofoservis.sk/medzinarodne-stahovanie/dansko","","index, follow","","","","",""
"https://www.sofoservis.sk/medzinarodne-stahovanie/irsko","1","Indexable","","https://www.sofoservis.sk/medzinarodne-stahovanie/irsko","","index, follow","","","","",""
"https://www.sofoservis.sk/medzinarodne-stahovanie/taliansko","1","Indexable","","https://www.sofoservis.sk/medzinarodne-stahovanie/taliansko","","index, follow","","","","",""
"https://www.sofoservis.sk/medzinarodne-stahovanie/polsko","1","Indexable","","https://www.sofoservis.sk/medzinarodne-stahovanie/polsko","","index, follow","","","","",""
"https://www.sofoservis.sk/medzinarodne-stahovanie/brusel","1","Indexable","","https://www.sofoservis.sk/medzinarodne-stahovanie/brusel","","index, follow","","","","",""
"https://www.sofoservis.sk/medzinarodne-stahovanie/ceska-republika","1","Indexable","","https://www.sofoservis.sk/medzinarodne-stahovanie/ceska-republika","","index, follow","","","","",""
"https://www.sofoservis.sk/medzinarodne-stahovanie/amsterdam","1","Indexable","","https://www.sofoservis.sk/medzinarodne-stahovanie/amsterdam","","index, follow","","","","",""
"https://www.sofoservis.sk/medzinarodne-stahovanie/francuzsko","1","Indexable","","https://www.sofoservis.sk/medzinarodne-stahovanie/francuzsko","","index, follow","","","","",""
"https://www.sofoservis.sk/medzinarodne-stahovanie/berlin","1","Indexable","","https://www.sofoservis.sk/medzinarodne-stahovanie/berlin","","index, follow","","","","",""
"https://www.sofoservis.sk/medzinarodne-stahovanie/londyn","1","Indexable","","https://www.sofoservis.sk/medzinarodne-stahovanie/londyn","","index, follow","","","","",""
"https://www.sofoservis.sk/medzinarodne-stahovanie/rakusko","1","Indexable","","https://www.sofoservis.sk/medzinarodne-stahovanie/rakusko","","index, follow","","","","",""
"https://www.sofoservis.sk/medzinarodne-stahovanie/vieden","1","Indexable","","https://www.sofoservis.sk/medzinarodne-stahovanie/vieden","","index, follow","","","","",""
"https://www.sofoservis.sk/medzinarodne-stahovanie/madarsko","1","Indexable","","https://www.sofoservis.sk/medzinarodne-stahovanie/madarsko","","index, follow","","","","",""
"https://www.sofoservis.sk/medzinarodne-stahovanie/svajciarsko","1","Indexable","","https://www.sofoservis.sk/medzinarodne-stahovanie/svajciarsko","","index, follow","","","","",""
"https://www.sofoservis.sk/medzinarodne-stahovanie/mnichov","1","Indexable","","https://www.sofoservis.sk/medzinarodne-stahovanie/mnichov","","index, follow","","","","",""
"https://www.sofoservis.sk/medzinarodne-stahovanie/anglicko","1","Indexable","","https://www.sofoservis.sk/medzinarodne-stahovanie/anglicko","","index, follow","","","","",""
"https://www.sofoservis.sk/medzinarodne-stahovanie/varsava","1","Indexable","","https://www.sofoservis.sk/medzinarodne-stahovanie/varsava","","index, follow","","","","",""
"https://www.sofoservis.sk/en/moving-pezinok","1","Indexable","","https://www.sofoservis.sk/en/moving-pezinok","","index, follow","","","","",""
"https://www.sofoservis.sk/odvoz-likvidacia-stavebneho-odpadu/bratislava","1","Indexable","","https://www.sofoservis.sk/odvoz-likvidacia-stavebneho-odpadu/bratislava","","index, follow","","","","",""
"https://www.sofoservis.sk/odvoz-likvidacia-stavebneho-odpadu/senec","1","Indexable","","https://www.sofoservis.sk/odvoz-likvidacia-stavebneho-odpadu/senec","","index, follow","","","","",""
"https://www.sofoservis.sk/odvoz-likvidacia-stavebneho-odpadu/galanta","1","Indexable","","https://www.sofoservis.sk/odvoz-likvidacia-stavebneho-odpadu/galanta","","index, follow","","","","",""
"https://www.sofoservis.sk/odvoz-likvidacia-stavebneho-odpadu/hlohovec","1","Indexable","","https://www.sofoservis.sk/odvoz-likvidacia-stavebneho-odpadu/hlohovec","","index, follow","","","","",""
"https://www.sofoservis.sk/odvoz-likvidacia-stavebneho-odpadu/senica","1","Indexable","","https://www.sofoservis.sk/odvoz-likvidacia-stavebneho-odpadu/senica","","index, follow","","","","",""
"https://www.sofoservis.sk/odvoz-likvidacia-stavebneho-odpadu/trnava","1","Indexable","","https://www.sofoservis.sk/odvoz-likvidacia-stavebneho-odpadu/trnava","","index, follow","","","","",""
"https://www.sofoservis.sk/odvoz-likvidacia-stavebneho-odpadu/nitra","1","Indexable","","https://www.sofoservis.sk/odvoz-likvidacia-stavebneho-odpadu/nitra","","index, follow","","","","",""
"https://www.sofoservis.sk/vypratavanie-po-rekonstrukcii","1","Indexable","","https://www.sofoservis.sk/vypratavanie-po-rekonstrukcii","","index, follow","","","","",""
"https://www.sofoservis.sk/vypratavanie-pozostalosti","1","Indexable","","https://www.sofoservis.sk/vypratavanie-pozostalosti","","index, follow","","","","",""
"https://www.sofoservis.sk/vypratavanie-senec","1","Indexable","","https://www.sofoservis.sk/vypratavanie-senec","","index, follow","","","","",""
"https://www.sofoservis.sk/vypratavanie-samorin","1","Indexable","","https://www.sofoservis.sk/vypratavanie-samorin","","index, follow","","","","",""
"https://www.sofoservis.sk/vypratavanie-komarno","1","Indexable","","https://www.sofoservis.sk/vypratavanie-komarno","","index, follow","","","","",""
"https://www.sofoservis.sk/vypratavanie-stupava","1","Indexable","","https://www.sofoservis.sk/vypratavanie-stupava","","index, follow","","","","",""
"https://www.sofoservis.sk/vypratavanie-galanta","1","Indexable","","https://www.sofoservis.sk/vypratavanie-galanta","","index, follow","","","","",""
"https://www.sofoservis.sk/vypratavanie-pezinok","1","Indexable","","https://www.sofoservis.sk/vypratavanie-pezinok","","index, follow","","","","",""
"https://www.sofoservis.sk/vypratavanie-trnava","1","Indexable","","https://www.sofoservis.sk/vypratavanie-trnava","","index, follow","","","","",""
"https://www.sofoservis.sk/vypratavanie-kancelarii","1","Indexable","","https://www.sofoservis.sk/vypratavanie-kancelarii","","index, follow","","","","",""
"https://www.sofoservis.sk/vypratavanie-chalupy","1","Indexable","","https://www.sofoservis.sk/vypratavanie-chalupy","","index, follow","","","","",""
"https://www.sofoservis.sk/vypratavanie-senica","1","Indexable","","https://www.sofoservis.sk/vypratavanie-senica","","index, follow","","","","",""
"https://www.sofoservis.sk/vypratavanie-levice","1","Indexable","","https://www.sofoservis.sk/vypratavanie-levice","","index, follow","","","","",""
"https://www.sofoservis.sk/vypratavanie-nitra","1","Indexable","","https://www.sofoservis.sk/vypratavanie-nitra","","index, follow","","","","",""
"https://www.sofoservis.sk/vypratavanie-hlohovec","1","Indexable","","https://www.sofoservis.sk/vypratavanie-hlohovec","","index, follow","","","","",""
"https://www.sofoservis.sk/vypratavanie-piestany","1","Indexable","","https://www.sofoservis.sk/vypratavanie-piestany","","index, follow","","","","",""
"https://www.sofoservis.sk/vypratavanie-malacky","1","Indexable","","https://www.sofoservis.sk/vypratavanie-malacky","","index, follow","","","","",""
"https://www.sofoservis.sk/en/moving-senec","1","Indexable","","https://www.sofoservis.sk/en/moving-senec","","index, follow","","","","",""
"https://www.sofoservis.sk/en/moving-nitra","1","Indexable","","https://www.sofoservis.sk/en/moving-nitra","","index, follow","","","","",""
"https://www.sofoservis.sk/en/moving-galanta","1","Indexable","","https://www.sofoservis.sk/en/moving-galanta","","index, follow","","","","",""
"https://www.sofoservis.sk/en/moving-komarno","1","Indexable","","https://www.sofoservis.sk/en/moving-komarno","","index, follow","","","","",""
"https://www.sofoservis.sk/blog/vypratavanie-po-rekonstrukcii-odvoz-stavebneho-odpadu","1","Indexable","","https://www.sofoservis.sk/blog/vypratavanie-po-rekonstrukcii-odvoz-stavebneho-odpadu","","index, follow","","","","",""
"https://www.sofoservis.sk/blog/kolko-stoji-stahovanie-bratislava-2026","1","Indexable","","https://www.sofoservis.sk/blog/kolko-stoji-stahovanie-bratislava-2026","","index, follow","","","","",""
"https://www.sofoservis.sk/blog/vypratavanie-bytov-pezinok","1","Indexable","","https://www.sofoservis.sk/blog/vypratavanie-bytov-pezinok","","index, follow","","","","",""
"https://www.sofoservis.sk/blog/ako-si-vybrat-stahovaciu-firmu-10-kriterii","1","Indexable","","https://www.sofoservis.sk/blog/ako-si-vybrat-stahovaciu-firmu-10-kriterii","","index, follow","","","","",""
"https://www.sofoservis.sk/blog/medzinarodne-stahovanie-slovensko-2026","1","Indexable","","https://www.sofoservis.sk/blog/medzinarodne-stahovanie-slovensko-2026","","index, follow","","","","",""
"https://www.sofoservis.sk/blog/stahovanie-v-zime-vyhody-vyzvy","1","Indexable","","https://www.sofoservis.sk/blog/stahovanie-v-zime-vyhody-vyzvy","","index, follow","","","","",""
"https://www.sofoservis.sk/blog/vypratavanie-bytov-malacky","1","Indexable","","https://www.sofoservis.sk/blog/vypratavanie-bytov-malacky","","index, follow","","","","",""
"https://www.sofoservis.sk/blog/stahovanie-seniorov-starsich-osob","1","Indexable","","https://www.sofoservis.sk/blog/stahovanie-seniorov-starsich-osob","","index, follow","","","","",""
"https://www.sofoservis.sk/blog/prenajom-stahovacieho-auta-vs-firma","1","Indexable","","https://www.sofoservis.sk/blog/prenajom-stahovacieho-auta-vs-firma","","index, follow","","","","",""
"https://www.sofoservis.sk/blog/ako-sa-pripravit-na-stahovanie-checklist","1","Indexable","","https://www.sofoservis.sk/blog/ako-sa-pripravit-na-stahovanie-checklist","","index, follow","","","","",""
"https://www.sofoservis.sk/blog/stahovanie-s-domacimi-zvieratami","1","Indexable","","https://www.sofoservis.sk/blog/stahovanie-s-domacimi-zvieratami","","index, follow","","","","",""
"https://www.sofoservis.sk/blog/vypratavanie-po-sezonnom-uskladneni-bratislava","1","Indexable","","https://www.sofoservis.sk/blog/vypratavanie-po-sezonnom-uskladneni-bratislava","","index, follow","","","","",""
"https://www.sofoservis.sk/blog/montaz-nabytku-ikea-cena","1","Indexable","","https://www.sofoservis.sk/blog/montaz-nabytku-ikea-cena","","index, follow","","","","",""
"https://www.sofoservis.sk/blog/ako-spravne-zabalit-byt-na-stahovanie","1","Indexable","","https://www.sofoservis.sk/blog/ako-spravne-zabalit-byt-na-stahovanie","","index, follow","","","","",""
"https://www.sofoservis.sk/blog/odovzdanie-bytu-po-najme-checklist","1","Indexable","","https://www.sofoservis.sk/blog/odovzdanie-bytu-po-najme-checklist","","index, follow","","","","",""
"https://www.sofoservis.sk/blog/vypratavanie-bytu-cena-2026","1","Indexable","","https://www.sofoservis.sk/blog/vypratavanie-bytu-cena-2026","","index, follow","","","","",""
"https://www.sofoservis.sk/blog/kolko-stoji-vypratavanie-bytu-bratislava-2026","1","Indexable","","https://www.sofoservis.sk/blog/kolko-stoji-vypratavanie-bytu-bratislava-2026","","index, follow","","","","",""
"https://www.sofoservis.sk/blog/vypratavanie-bytov-senec","1","Indexable","","https://www.sofoservis.sk/blog/vypratavanie-bytov-senec","","index, follow","","","","",""
"https://www.sofoservis.sk/blog/vypratavanie-pivnic-skladov-bratislava","1","Indexable","","https://www.sofoservis.sk/blog/vypratavanie-pivnic-skladov-bratislava","","index, follow","","","","",""
"https://www.sofoservis.sk/blog/vypratavanie-po-zosnulom","1","Indexable","","https://www.sofoservis.sk/blog/vypratavanie-po-zosnulom","","index, follow","","","","",""
"https://www.sofoservis.sk/blog/stahovanie-klavira-tazkych-predmetov","1","Indexable","","https://www.sofoservis.sk/blog/stahovanie-klavira-tazkych-predmetov","","index, follow","","","","",""
"https://www.sofoservis.sk/blog/stahovanie-kancelarie-ako-minimalizovat-prestoj","1","Indexable","","https://www.sofoservis.sk/blog/stahovanie-kancelarie-ako-minimalizovat-prestoj","","index, follow","","","","",""
"https://www.sofoservis.sk/blog/hodinovy-manzel-sluzby-cena","1","Indexable","","https://www.sofoservis.sk/blog/hodinovy-manzel-sluzby-cena","","index, follow","","","","",""
"https://www.sofoservis.sk/en/moving-levice","1","Indexable","","https://www.sofoservis.sk/en/moving-levice","","index, follow","","","","",""
"https://www.sofoservis.sk/vypratavanie-odvoz-stareho-nabytku/bratislava","1","Indexable","","https://www.sofoservis.sk/vypratavanie-odvoz-stareho-nabytku/bratislava","","index, follow","","","","",""
"https://www.sofoservis.sk/en/moving-hlohovec","1","Indexable","","https://www.sofoservis.sk/en/moving-hlohovec","","index, follow","","","","",""
"https://www.sofoservis.sk/hodinovy-manzel-majster/levice","1","Indexable","","https://www.sofoservis.sk/hodinovy-manzel-majster/levice","","index, follow","","","","",""
"https://www.sofoservis.sk/hodinovy-manzel-majster/trnava","1","Indexable","","https://www.sofoservis.sk/hodinovy-manzel-majster/trnava","","index, follow","","","","",""
"https://www.sofoservis.sk/hodinovy-manzel-majster/sala","1","Indexable","","https://www.sofoservis.sk/hodinovy-manzel-majster/sala","","index, follow","","","","",""
"https://www.sofoservis.sk/hodinovy-manzel-majster/galanta","1","Indexable","","https://www.sofoservis.sk/hodinovy-manzel-majster/galanta","","index, follow","","","","",""
"https://www.sofoservis.sk/hodinovy-manzel-majster/nitra","1","Indexable","","https://www.sofoservis.sk/hodinovy-manzel-majster/nitra","","index, follow","","","","",""
"https://www.sofoservis.sk/hodinovy-manzel-majster/bratislava","1","Indexable","","https://www.sofoservis.sk/hodinovy-manzel-majster/bratislava","","index, follow","","","","",""
"https://www.sofoservis.sk/stahovanie-strojov-zariadeni","1","Indexable","","https://www.sofoservis.sk/stahovanie-strojov-zariadeni","","index, follow","","","","",""
"https://www.sofoservis.sk/hodinovy-manzel-majster/piestany","1","Indexable","","https://www.sofoservis.sk/hodinovy-manzel-majster/piestany","","index, follow","","","","",""
"https://www.sofoservis.sk/stahovanie-trezorov","1","Indexable","","https://www.sofoservis.sk/stahovanie-trezorov","","index, follow","","","","",""
"https://www.sofoservis.sk/stahovanie-klavira","1","Indexable","","https://www.sofoservis.sk/stahovanie-klavira","","index, follow","","","","",""
"https://www.sofoservis.sk/en/moving-malacky","1","Indexable","","https://www.sofoservis.sk/en/moving-malacky","","index, follow","","","","",""
"https://www.sofoservis.sk/en/moving-piestany","1","Indexable","","https://www.sofoservis.sk/en/moving-piestany","","index, follow","","","","",""
"https://www.sofoservis.sk/en/moving-sala","1","Indexable","","https://www.sofoservis.sk/en/moving-sala","","index, follow","","","","",""
"https://www.sofoservis.sk/buracie-demolacne-prace","1","Indexable","","https://www.sofoservis.sk/buracie-demolacne-prace","","index, follow","","","","",""
"https://www.sofoservis.sk/en/moving-bratislava","1","Indexable","","https://www.sofoservis.sk/en/moving-bratislava","","index, follow","","","","",""
"https://www.sofoservis.sk/stahovanie-karlova-ves","1","Indexable","","https://www.sofoservis.sk/stahovanie-karlova-ves","","index, follow","","","","",""
"https://www.sofoservis.sk/stahovanie-nove-mesto","1","Indexable","","https://www.sofoservis.sk/stahovanie-nove-mesto","","index, follow","","","","",""
"https://www.sofoservis.sk/stahovanie-stare-mesto","1","Indexable","","https://www.sofoservis.sk/stahovanie-stare-mesto","","index, follow","","","","",""
"https://www.sofoservis.sk/stahovanie-petrzalka","1","Indexable","","https://www.sofoservis.sk/stahovanie-petrzalka","","index, follow","","","","",""
"https://www.sofoservis.sk/stahovanie-dubravka","1","Indexable","","https://www.sofoservis.sk/stahovanie-dubravka","","index, follow","","","","",""
"https://www.sofoservis.sk/stahovanie-ruzinov","1","Indexable","","https://www.sofoservis.sk/stahovanie-ruzinov","","index, follow","","","","",""
"https://www.sofoservis.sk/en/basement-garage-junk-removal","1","Indexable","","https://www.sofoservis.sk/en/basement-garage-junk-removal","","index, follow","","","","",""
"https://www.sofoservis.sk/en/pricing","1","Indexable","","https://www.sofoservis.sk/en/pricing","","index, follow","","","","",""
"https://www.sofoservis.sk/en/clearance","1","Indexable","","https://www.sofoservis.sk/en/clearance","","index, follow","","","","",""
"https://www.sofoservis.sk/en/furniture-moving-removal","1","Indexable","","https://www.sofoservis.sk/en/furniture-moving-removal","","index, follow","","","","",""
"https://www.sofoservis.sk/en/hazardous-waste-removal","1","Indexable","","https://www.sofoservis.sk/en/hazardous-waste-removal","","index, follow","","","","",""
"https://www.sofoservis.sk/en/kitchen-installation","1","Indexable","","https://www.sofoservis.sk/en/kitchen-installation","","index, follow","","","","",""
"https://www.sofoservis.sk/en/furniture-removal","1","Indexable","","https://www.sofoservis.sk/en/furniture-removal","","index, follow","","","","",""
"https://www.sofoservis.sk/en/wall-demolition","1","Indexable","","https://www.sofoservis.sk/en/wall-demolition","","index, follow","","","","",""
"https://www.sofoservis.sk/en/moving-heavy-loads","1","Indexable","","https://www.sofoservis.sk/en/moving-heavy-loads","","index, follow","","","","",""
"https://www.sofoservis.sk/en/demolition-services","1","Indexable","","https://www.sofoservis.sk/en/demolition-services","","index, follow","","","","",""
"https://www.sofoservis.sk/en/reviews","1","Indexable","","https://www.sofoservis.sk/en/reviews","","index, follow","","","","",""
"https://www.sofoservis.sk/en/international-moving-services","1","Indexable","","https://www.sofoservis.sk/en/international-moving-services","","index, follow","","","","",""
"https://www.sofoservis.sk/en/privacy-policy","1","Indexable","","https://www.sofoservis.sk/en/privacy-policy","","index, follow","","","","",""
"https://www.sofoservis.sk/en/home-junk-removal","1","Indexable","","https://www.sofoservis.sk/en/home-junk-removal","","index, follow","","","","",""
"https://www.sofoservis.sk/en/moving","1","Indexable","","https://www.sofoservis.sk/en/moving","","index, follow","","","","",""
"https://www.sofoservis.sk/en/office-moving","1","Indexable","","https://www.sofoservis.sk/en/office-moving","","index, follow","","","","",""
"https://www.sofoservis.sk/en/cookie-policy","1","Indexable","","https://www.sofoservis.sk/en/cookie-policy","","index, follow","","","","",""
"https://www.sofoservis.sk/en/handyman-services","1","Indexable","","https://www.sofoservis.sk/en/handyman-services","","index, follow","","","","",""
"https://www.sofoservis.sk/en/construction-waste-removal","1","Indexable","","https://www.sofoservis.sk/en/construction-waste-removal","","index, follow","","","","",""
"https://www.sofoservis.sk/en/property-land-junk-removal","1","Indexable","","https://www.sofoservis.sk/en/property-land-junk-removal","","index, follow","","","","",""
"https://www.sofoservis.sk/en/contact","1","Indexable","","https://www.sofoservis.sk/en/contact","","index, follow","","","","",""
"https://www.sofoservis.sk/en/furniture-assembly","1","Indexable","","https://www.sofoservis.sk/en/furniture-assembly","","index, follow","","","","",""
"https://www.sofoservis.sk/en/apartment-moving","1","Indexable","","https://www.sofoservis.sk/en/apartment-moving","","index, follow","","","","",""
"https://www.sofoservis.sk/en/moving-senica","1","Indexable","","https://www.sofoservis.sk/en/moving-senica","","index, follow","","","","",""
"https://www.sofoservis.sk/vypratavanie-bratislava","1","Indexable","","https://www.sofoservis.sk/vypratavanie-bratislava","","index, follow","","","","",""
"https://www.sofoservis.sk/en/moving-to-budapest","1","Indexable","","https://www.sofoservis.sk/en/moving-to-budapest","","index, follow","","","","",""
"https://www.sofoservis.sk/en/moving-to-frankfurt","1","Indexable","","https://www.sofoservis.sk/en/moving-to-frankfurt","","index, follow","","","","",""
"https://www.sofoservis.sk/en/moving-to-stockholm","1","Indexable","","https://www.sofoservis.sk/en/moving-to-stockholm","","index, follow","","","","",""
"https://www.sofoservis.sk/en/moving-from-slovakia-to-france","1","Indexable","","https://www.sofoservis.sk/en/moving-from-slovakia-to-france","","index, follow","","","","",""
"https://www.sofoservis.sk/en/moving-to-warsaw","1","Indexable","","https://www.sofoservis.sk/en/moving-to-warsaw","","index, follow","","","","",""
"https://www.sofoservis.sk/en/moving-to-rome","1","Indexable","","https://www.sofoservis.sk/en/moving-to-rome","","index, follow","","","","",""
"https://www.sofoservis.sk/en/moving-to-munich","1","Indexable","","https://www.sofoservis.sk/en/moving-to-munich","","index, follow","","","","",""
"https://www.sofoservis.sk/en/moving-to-zurich","1","Indexable","","https://www.sofoservis.sk/en/moving-to-zurich","","index, follow","","","","",""
"https://www.sofoservis.sk/en/moving-to-berlin","1","Indexable","","https://www.sofoservis.sk/en/moving-to-berlin","","index, follow","","","","",""
"https://www.sofoservis.sk/en/moving-to-london","1","Indexable","","https://www.sofoservis.sk/en/moving-to-london","","index, follow","","","","",""
"https://www.sofoservis.sk/en/moving-from-slovakia-to-germany","1","Indexable","","https://www.sofoservis.sk/en/moving-from-slovakia-to-germany","","index, follow","","","","",""
"https://www.sofoservis.sk/en/moving-to-vienna","1","Indexable","","https://www.sofoservis.sk/en/moving-to-vienna","","index, follow","","","","",""
"https://www.sofoservis.sk/en/moving-from-slovakia-to-uk","1","Indexable","","https://www.sofoservis.sk/en/moving-from-slovakia-to-uk","","index, follow","","","","",""
"https://www.sofoservis.sk/en/moving-from-slovakia-to-sweden","1","Indexable","","https://www.sofoservis.sk/en/moving-from-slovakia-to-sweden","","index, follow","","","","",""
"https://www.sofoservis.sk/en/moving-from-germany-to-slovakia","1","Indexable","","https://www.sofoservis.sk/en/moving-from-germany-to-slovakia","","index, follow","","","","",""
"https://www.sofoservis.sk/en/moving-to-hamburg","1","Indexable","","https://www.sofoservis.sk/en/moving-to-hamburg","","index, follow","","","","",""
"https://www.sofoservis.sk/en/moving-to-barcelona","1","Indexable","","https://www.sofoservis.sk/en/moving-to-barcelona","","index, follow","","","","",""
"https://www.sofoservis.sk/en/moving-to-brussels","1","Indexable","","https://www.sofoservis.sk/en/moving-to-brussels","","index, follow","","","","",""
"https://www.sofoservis.sk/en/moving-from-netherlands-to-slovakia","1","Indexable","","https://www.sofoservis.sk/en/moving-from-netherlands-to-slovakia","","index, follow","","","","",""
"https://www.sofoservis.sk/en/moving-from-slovakia-to-switzerland","1","Indexable","","https://www.sofoservis.sk/en/moving-from-slovakia-to-switzerland","","index, follow","","","","",""
"https://www.sofoservis.sk/en/moving-from-slovakia-to-netherlands","1","Indexable","","https://www.sofoservis.sk/en/moving-from-slovakia-to-netherlands","","index, follow","","","","",""
"https://www.sofoservis.sk/en/moving-from-slovakia","1","Indexable","","https://www.sofoservis.sk/en/moving-from-slovakia","","index, follow","","","","",""
"https://www.sofoservis.sk/en/moving-from-slovakia-to-austria","1","Indexable","","https://www.sofoservis.sk/en/moving-from-slovakia-to-austria","","index, follow","","","","",""
"https://www.sofoservis.sk/en/moving-from-slovakia-to-norway","1","Indexable","","https://www.sofoservis.sk/en/moving-from-slovakia-to-norway","","index, follow","","","","",""
"https://www.sofoservis.sk/en/moving-to-slovakia","1","Indexable","","https://www.sofoservis.sk/en/moving-to-slovakia","","index, follow","","","","",""
"https://www.sofoservis.sk/en/moving-to-prague","1","Indexable","","https://www.sofoservis.sk/en/moving-to-prague","","index, follow","","","","",""
"https://www.sofoservis.sk/en/moving-to-dublin","1","Indexable","","https://www.sofoservis.sk/en/moving-to-dublin","","index, follow","","","","",""
"https://www.sofoservis.sk/en/moving-to-amsterdam","1","Indexable","","https://www.sofoservis.sk/en/moving-to-amsterdam","","index, follow","","","","",""
"https://www.sofoservis.sk/en/moving-from-uk-to-slovakia","1","Indexable","","https://www.sofoservis.sk/en/moving-from-uk-to-slovakia","","index, follow","","","","",""
"https://www.sofoservis.sk/en/moving-from-france-to-slovakia","1","Indexable","","https://www.sofoservis.sk/en/moving-from-france-to-slovakia","","index, follow","","","","",""
"https://www.sofoservis.sk/en/moving-from-slovakia-to-ireland","1","Indexable","","https://www.sofoservis.sk/en/moving-from-slovakia-to-ireland","","index, follow","","","","",""
"https://www.sofoservis.sk/en/moving-to-paris","1","Indexable","","https://www.sofoservis.sk/en/moving-to-paris","","index, follow","","","","",""
"https://www.sofoservis.sk/en/moving-from-austria-to-slovakia","1","Indexable","","https://www.sofoservis.sk/en/moving-from-austria-to-slovakia","","index, follow","","","","",""
"https://www.sofoservis.sk/en/moving-from-usa-to-slovakia","1","Indexable","","https://www.sofoservis.sk/en/moving-from-usa-to-slovakia","","index, follow","","","","",""
"https://www.sofoservis.sk/en/safe-moving","1","Indexable","","https://www.sofoservis.sk/en/safe-moving","","index, follow","","","","",""
"https://www.sofoservis.sk/en/upright-piano-moving","1","Indexable","","https://www.sofoservis.sk/en/upright-piano-moving","","index, follow","","","","",""
"https://www.sofoservis.sk/en/machinery-moving","1","Indexable","","https://www.sofoservis.sk/en/machinery-moving","","index, follow","","","","",""
"https://www.sofoservis.sk/en/piano-moving","1","Indexable","","https://www.sofoservis.sk/en/piano-moving","","index, follow","","","","",""
"https://www.sofoservis.sk/en/office-clearance","1","Indexable","","https://www.sofoservis.sk/en/office-clearance","","index, follow","","","","",""
"https://www.sofoservis.sk/en/post-renovation-clearance","1","Indexable","","https://www.sofoservis.sk/en/post-renovation-clearance","","index, follow","","","","",""
"https://www.sofoservis.sk/en/cottage-clearance","1","Indexable","","https://www.sofoservis.sk/en/cottage-clearance","","index, follow","","","","",""
"https://www.sofoservis.sk/en/estate-clearance-bereavement","1","Indexable","","https://www.sofoservis.sk/en/estate-clearance-bereavement","","index, follow","","","","",""
"https://www.sofoservis.sk/en/home-clearance-bratislava","1","Indexable","","https://www.sofoservis.sk/en/home-clearance-bratislava","","index, follow","","","","",""
"https://www.sofoservis.sk/en/furniture-assembly-bratislava","1","Indexable","","https://www.sofoservis.sk/en/furniture-assembly-bratislava","","index, follow","","","","",""
"https://www.sofoservis.sk/buracie-demolacne-prace/trnava","1","Indexable","","https://www.sofoservis.sk/buracie-demolacne-prace/trnava","","index, follow","","","","",""
"https://www.sofoservis.sk/buracie-demolacne-prace/pezinok","1","Indexable","","https://www.sofoservis.sk/buracie-demolacne-prace/pezinok","","index, follow","","","","",""
"https://www.sofoservis.sk/buracie-demolacne-prace/nitra","1","Indexable","","https://www.sofoservis.sk/buracie-demolacne-prace/nitra","","index, follow","","","","",""
"https://www.sofoservis.sk/stahovanie-pianina","1","Indexable","","https://www.sofoservis.sk/stahovanie-pianina","","index, follow","","","","",""
"https://www.sofoservis.sk/en/handyman-piestany","1","Indexable","","https://www.sofoservis.sk/en/handyman-piestany","","index, follow","","","","",""
"https://www.sofoservis.sk/en/handyman-bratislava","1","Indexable","","https://www.sofoservis.sk/en/handyman-bratislava","","index, follow","","","","",""
"https://www.sofoservis.sk/en/handyman-nitra","1","Indexable","","https://www.sofoservis.sk/en/handyman-nitra","","index, follow","","","","",""
"https://www.sofoservis.sk/en/handyman-galanta","1","Indexable","","https://www.sofoservis.sk/en/handyman-galanta","","index, follow","","","","",""
"https://www.sofoservis.sk/en/handyman-sala","1","Indexable","","https://www.sofoservis.sk/en/handyman-sala","","index, follow","","","","",""
"https://www.sofoservis.sk/en/old-furniture-removal-bratislava","1","Indexable","","https://www.sofoservis.sk/en/old-furniture-removal-bratislava","","index, follow","","","","",""
"https://www.sofoservis.sk/en/handyman-trnava","1","Indexable","","https://www.sofoservis.sk/en/handyman-trnava","","index, follow","","","","",""
"https://www.sofoservis.sk/en/handyman-levice","1","Indexable","","https://www.sofoservis.sk/en/handyman-levice","","index, follow","","","","",""
"https://www.sofoservis.sk/en/construction-waste-removal-nitra","1","Indexable","","https://www.sofoservis.sk/en/construction-waste-removal-nitra","","index, follow","","","","",""
"https://www.sofoservis.sk/en/construction-waste-removal-trnava","1","Indexable","","https://www.sofoservis.sk/en/construction-waste-removal-trnava","","index, follow","","","","",""
"https://www.sofoservis.sk/en/construction-waste-removal-senica","1","Indexable","","https://www.sofoservis.sk/en/construction-waste-removal-senica","","index, follow","","","","",""
"https://www.sofoservis.sk/en/construction-waste-removal-hlohovec","1","Indexable","","https://www.sofoservis.sk/en/construction-waste-removal-hlohovec","","index, follow","","","","",""
"https://www.sofoservis.sk/en/construction-waste-removal-galanta","1","Indexable","","https://www.sofoservis.sk/en/construction-waste-removal-galanta","","index, follow","","","","",""
"https://www.sofoservis.sk/buracie-demolacne-prace/bratislava","1","Indexable","","https://www.sofoservis.sk/buracie-demolacne-prace/bratislava","","index, follow","","","","",""
"https://www.sofoservis.sk/en/construction-waste-removal-senec","1","Indexable","","https://www.sofoservis.sk/en/construction-waste-removal-senec","","index, follow","","","","",""
"https://www.sofoservis.sk/en/construction-waste-removal-bratislava","1","Indexable","","https://www.sofoservis.sk/en/construction-waste-removal-bratislava","","index, follow","","","","",""
"https://www.sofoservis.sk/stahovanie-z-francuzska-na-slovensko","1","Indexable","","https://www.sofoservis.sk/stahovanie-z-francuzska-na-slovensko","","index, follow","","","","",""
"https://www.sofoservis.sk/stahovanie-z-rakuska-na-slovensko","1","Indexable","","https://www.sofoservis.sk/stahovanie-z-rakuska-na-slovensko","","index, follow","","","","",""
"https://www.sofoservis.sk/stahovanie-z-holandska-na-slovensko","1","Indexable","","https://www.sofoservis.sk/stahovanie-z-holandska-na-slovensko","","index, follow","","","","",""
"https://www.sofoservis.sk/stahovanie-z-nemecka-na-slovensko","1","Indexable","","https://www.sofoservis.sk/stahovanie-z-nemecka-na-slovensko","","index, follow","","","","",""
"https://www.sofoservis.sk/stahovanie-z-anglie-na-slovensko","1","Indexable","","https://www.sofoservis.sk/stahovanie-z-anglie-na-slovensko","","index, follow","","","","",""
"https://www.sofoservis.sk/stahovanie-z-usa-na-slovensko","1","Indexable","","https://www.sofoservis.sk/stahovanie-z-usa-na-slovensko","","index, follow","","","","",""
