"Address","Word Count","Sentence Count","Average Words Per Sentence","Flesch Reading Ease Score","Readability","Closest Near Duplicate Match","No. Near Duplicates","Closest Semantically Similar Address","Semantic Similarity Score","No. Semantically Similar","Semantic Relevance Score","Total Language Errors","Spelling Errors","Grammar Errors","Language","Hash","Indexability","Indexability Status"
"https://www.sofoservis.sk/","757","160","4.731","50.155","Fairly Hard","","","","","","","","","","sk","2c8f0efb96fb1d64c362fa09ce07fbad","Indexable",""
"https://www.sofoservis.sk/stahovanie-senica","923","186","4.962","48.272","Hard","","","","","","","","","","sk","60898640cdac02d872b51fa2683e28bb","Indexable",""
"https://www.sofoservis.sk/en","673","127","5.299","66.071","Normal","","","","","","","","","","sk","ba9862137759b4861dd5040a3eb9c7e3","Indexable",""
"https://www.sofoservis.sk/stahovanie-bratislava","1332","251","5.307","46.158","Hard","","","","","","","","","","sk","24d3ca8cfda987e86e0fc08a127b932e","Indexable",""
"https://www.sofoservis.sk/montaz-nabytku","1390","258","5.388","57.181","Fairly Hard","","","","","","","","","","sk","519ac9856e7fd7f5e8b5b21e7143a110","Indexable",""
"https://www.sofoservis.sk/cennik","613","135","4.541","61.456","Normal","","","","","","","","","","sk","843acac313731a628cdd4b66d13bbcd8","Indexable",""
"https://www.sofoservis.sk/likvidacia-nebezpecneho-odpadu-starych-spotrebicov","1102","213","5.174","32.844","Hard","","","","","","","","","","sk","9102db151b8ef0e0e426ebc32b9b868e","Indexable",""
"https://www.sofoservis.sk/buranie-stien-priecok","1190","221","5.385","54.919","Fairly Hard","","","","","","","","","","sk","93f7f84e597d5b9ccd2d619b661dbf7a","Indexable",""
"https://www.sofoservis.sk/stahovanie-sala","893","184","4.853","54.025","Fairly Hard","","","","","","","","","","sk","4253adae81f2630c648e4c25d3811360","Indexable",""
"https://www.sofoservis.sk/kontakt","386","92","4.196","69.759","Normal","","","","","","","","","","sk","3b4c3a2a1c9a9a1275a66c258873407d","Indexable",""
"https://www.sofoservis.sk/stahovanie-malacky","896","181","4.950","50.173","Fairly Hard","","","","","","","","","","sk","a20e47ee1df39279b9ee9274c4d08ea9","Indexable",""
"https://www.sofoservis.sk/stahovanie-piestany","917","183","5.011","43.712","Hard","","","","","","","","","","sk","973cdfc5fd3a4b742c7ae54aeeb6789a","Indexable",""
"https://www.sofoservis.sk/stahovanie","1049","226","4.642","46.957","Hard","","","","","","","","","","sk","4ebd3859028e343c713c9d9e3ce3cc0e","Indexable",""
"https://www.sofoservis.sk/stahovanie-preprava-nabytku","915","181","5.055","49.147","Hard","","","","","","","","","","sk","d0e9e9757a9a36e7aed66822d93248ac","Indexable",""
"https://www.sofoservis.sk/hodinovy-manzel-majster","1495","276","5.417","48.152","Hard","","","","","","","","","","sk","22c27db21c04924bc2b810059beaa47b","Indexable",""
"https://www.sofoservis.sk/vypratavanie-pivnic-garazi-nebytovych-priestorov","1009","191","5.283","47.030","Hard","","","","","","","","","","sk","6b72a5e6db1e8cb9f38dd126f9ba44a7","Indexable",""
"https://www.sofoservis.sk/stahovanie-hlohovec","892","187","4.770","44.459","Hard","","","","","","","","","","sk","432ab297645c3e43b987267ff5aa8685","Indexable",""
"https://www.sofoservis.sk/stahovanie-levice","901","185","4.870","44.523","Hard","","","","","","","","","","sk","932da7db97601d6fe81cd8e9271ee4d6","Indexable",""
"https://www.sofoservis.sk/zasady-pouzivania-cookies","1293","235","5.502","42.781","Hard","","","","","","","","","","sk","cd32721af8556acacf867efa21f33e01","Indexable",""
"https://www.sofoservis.sk/stahovanie-kancelarii-firiem","1196","234","5.111","36.691","Hard","","","","","","","","","","sk","22cf485a0cfa61c5f81e44145de0ca98","Indexable",""
"https://www.sofoservis.sk/blog","1153","205","5.624","63.477","Normal","","","","","","","","","","sk","b09894ec2a7e48acb1c14efc89c9988b","Indexable",""
"https://www.sofoservis.sk/stahovanie-tazkych-bremien","944","187","5.048","44.789","Hard","","","","","","","","","","sk","e2088ba9d41e48e7e196c1b7380f8263","Indexable",""
"https://www.sofoservis.sk/vypratavanie-odvoz-stareho-nabytku","898","194","4.629","40.568","Hard","","","","","","","","","","sk","92567b330c9ba1001882914e9570cca2","Indexable",""
"https://www.sofoservis.sk/stahovanie-bytov-domov","1254","247","5.077","47.459","Hard","","","","","","","","","","sk","ae946ffe3e3f77600a2e1da226e01116","Indexable",""
"https://www.sofoservis.sk/stahovanie-komarno","923","187","4.936","49.215","Hard","","","","","","","","","","sk","1e8f097fcec7cfd7b2bd5cc470b034b9","Indexable",""
"https://www.sofoservis.sk/montaz-kuchyne","1312","249","5.269","51.180","Fairly Hard","","","","","","","","","","sk","4dbbfc79261c701b06a979ed88e0931f","Indexable",""
"https://www.sofoservis.sk/stahovanie-galanta","895","188","4.761","45.186","Hard","","","","","","","","","","sk","9e91cde3094fcdbe73480e8c2d404fb7","Indexable",""
"https://www.sofoservis.sk/vypratavanie-bytov-domov","1327","254","5.224","43.616","Hard","","","","","","","","","","sk","c975e011f203949a9aabd4d8073e1ef3","Indexable",""
"https://www.sofoservis.sk/stahovanie-nitra","902","183","4.929","48.577","Hard","","","","","","","","","","sk","63578b54c1dc2447f2212ababb0eece8","Indexable",""
"https://www.sofoservis.sk/stahovanie-senec","923","187","4.936","52.606","Fairly Hard","","","","","","","","","","sk","b56f701fb372f64d9dd33df74a8c2a03","Indexable",""
"https://www.sofoservis.sk/buranie-demolacia-domov-bytov","1396","259","5.390","43.436","Hard","","","","","","","","","","sk","ab895d359c8c9a04d95ca1882c0a792","Indexable",""
"https://www.sofoservis.sk/vypratavanie","1120","242","4.628","41.549","Hard","","","","","","","","","","sk","ebc0e0c7554854e67217befa7909a174","Indexable",""
"https://www.sofoservis.sk/cistenie-vypratavanie-pozemkov-nehnutelnosti","1087","214","5.079","47.578","Hard","","","","","","","","","","sk","86aaabbad9a162c96d264d037e017058","Indexable",""
"https://www.sofoservis.sk/zasady-spracovania-osobnych-udajov","1441","276","5.221","44.488","Hard","","","","","","","","","","sk","797296ff55306ed36c036d90c9736f11","Indexable",""
"https://www.sofoservis.sk/odvoz-likvidacia-stavebneho-odpadu","1486","272","5.463","36.758","Hard","","","","","","","","","","sk","b3a2492cc68be8b50839ca5e6e370e9c","Indexable",""
"https://www.sofoservis.sk/referencie","285","66","4.318","65.014","Normal","","","","","","","","","","sk","433449319891b46508e32fddab23b6ee","Indexable",""
"https://www.sofoservis.sk/stahovanie-pezinok","897","182","4.929","46.591","Hard","","","","","","","","","","sk","3a0bd8fcbcf811fa6c9263b472819d3c","Indexable",""
"https://www.sofoservis.sk/stahovanie-trnava","912","184","4.957","52.363","Fairly Hard","","","","","","","","","","sk","90c4ef7dc42ef2251e7cff0a7ef3c21","Indexable",""
"https://www.sofoservis.sk/stahovanie-stupava","929","185","5.022","51.024","Fairly Hard","","","","","","","","","","sk","aa00726f5b7b1ddff127adfad2d7b291","Indexable",""
"https://www.sofoservis.sk/medzinarodne-stahovanie","1480","266","5.564","51.709","Fairly Hard","","","","","","","","","","sk","c82e3209e47bc2a5f45bf3f8b89dbf9a","Indexable",""
"https://www.sofoservis.sk/stahovanie-samorin","907","185","4.903","48.982","Hard","","","","","","","","","","sk","4caefc0eb91d8f758f53bd9493bebbde","Indexable",""
"https://www.sofoservis.sk/en/moving-stupava","834","167","4.994","63.911","Normal","","","","","","","","","","sk","3f88f7bf553267a923f4c47877570601","Indexable",""
"https://www.sofoservis.sk/medzinarodne-stahovanie/svedsko","668","143","4.671","61.642","Normal","","","","","","","","","","sk","a97b746a52728f7f3c99746feb6f2861","Indexable",""
"https://www.sofoservis.sk/en/moving-trnava","843","173","4.873","65.907","Normal","","","","","","","","","","sk","388bd5d2479cd505acbb031ed11c776e","Indexable",""
"https://www.sofoservis.sk/medzinarodne-stahovanie/spanielsko","679","145","4.683","54.188","Fairly Hard","","","","","","","","","","sk","cb333f10d25415bea3747aac8431661b","Indexable",""
"https://www.sofoservis.sk/en/moving-samorin","834","167","4.994","65.838","Normal","","","","","","","","","","sk","51179da0c79652e6e284582a916f8942","Indexable",""
"https://www.sofoservis.sk/medzinarodne-stahovanie/praha","704","147","4.789","58.491","Fairly Hard","","","","","","","","","","sk","22762e0849c044244c779977f2633029","Indexable",""
"https://www.sofoservis.sk/medzinarodne-stahovanie/holandsko","662","146","4.534","51.052","Fairly Hard","","","","","","","","","","sk","b7dd5d915fbdc861b2c4617adb84c8b8","Indexable",""
"https://www.sofoservis.sk/medzinarodne-stahovanie/zurich","696","147","4.735","59.692","Fairly Hard","","","","","","","","","","sk","df3454fb60a713f301f822e998e809ac","Indexable",""
"https://www.sofoservis.sk/medzinarodne-stahovanie/frankfurt","673","147","4.578","54.861","Fairly Hard","","","","","","","","","","sk","a9a07165958a33fcf8cdc2a505b37373","Indexable",""
"https://www.sofoservis.sk/medzinarodne-stahovanie/dublin","659","140","4.707","56.864","Fairly Hard","","","","","","","","","","sk","f0a84c6863a12808755d1f92d0dbfba3","Indexable",""
"https://www.sofoservis.sk/medzinarodne-stahovanie/norsko","703","148","4.750","60.131","Normal","","","","","","","","","","sk","3a67943d0537d12f59d0f0f05f353301","Indexable",""
"https://www.sofoservis.sk/stahovanie-na-slovensko","707","152","4.651","54.333","Fairly Hard","","","","","","","","","","sk","8497821f4eaaef6b75746e82f69f2084","Indexable",""
"https://www.sofoservis.sk/medzinarodne-stahovanie/pariz","668","144","4.639","58.762","Fairly Hard","","","","","","","","","","sk","b69686acdfcb7251736dcd345e552fb9","Indexable",""
"https://www.sofoservis.sk/medzinarodne-stahovanie/budapest","680","147","4.626","53.717","Fairly Hard","","","","","","","","","","sk","cca27d7d9a82ce4aaa03e758bdb357eb","Indexable",""
"https://www.sofoservis.sk/medzinarodne-stahovanie/belgicko","657","145","4.531","54.669","Fairly Hard","","","","","","","","","","sk","12598539310d2ef3df18ad55a718081e","Indexable",""
"https://www.sofoservis.sk/medzinarodne-stahovanie/nemecko","727","158","4.601","55.540","Fairly Hard","","","","","","","","","","sk","97808f20d1850967e240e0878635d2b7","Indexable",""
"https://www.sofoservis.sk/medzinarodne-stahovanie/brno","680","143","4.755","63.663","Normal","","","","","","","","","","sk","638f267ff8bea4df56e9485010be8b68","Indexable",""
"https://www.sofoservis.sk/medzinarodne-stahovanie/hamburg","665","144","4.618","56.737","Fairly Hard","","","","","","","","","","sk","1d41dff86e5c5bd4a23345312f8d4f7e","Indexable",""
"https://www.sofoservis.sk/stahovanie-zo-slovenska","728","154","4.727","50.268","Fairly Hard","","","","","","","","","","sk","d1d087af54ef247c0ce6a2dabfa1b7b6","Indexable",""
"https://www.sofoservis.sk/medzinarodne-stahovanie/dansko","654","141","4.638","60.739","Normal","","","","","","","","","","sk","a9c9e3e42a92912878b336ad2cee5df8","Indexable",""
"https://www.sofoservis.sk/medzinarodne-stahovanie/irsko","693","148","4.682","59.007","Fairly Hard","","","","","","","","","","sk","cf7c2a9801198b6f93dee2925b6299f1","Indexable",""
"https://www.sofoservis.sk/medzinarodne-stahovanie/taliansko","676","142","4.761","54.954","Fairly Hard","","","","","","","","","","sk","ee77bd82e0e48c481ab627f5b6705940","Indexable",""
"https://www.sofoservis.sk/medzinarodne-stahovanie/polsko","666","143","4.657","56.535","Fairly Hard","","","","","","","","","","sk","e772fe38ad4327f85e753fac59a8a53d","Indexable",""
"https://www.sofoservis.sk/medzinarodne-stahovanie/brusel","668","146","4.575","54.521","Fairly Hard","","","","","","","","","","sk","ba03b7a7daebaeaa646e754f884554ea","Indexable",""
"https://www.sofoservis.sk/medzinarodne-stahovanie/ceska-republika","753","158","4.766","56.054","Fairly Hard","","","","","","","","","","sk","34ced044c571a55bfb9c5cd0a116c9d8","Indexable",""
"https://www.sofoservis.sk/medzinarodne-stahovanie/amsterdam","664","146","4.548","53.914","Fairly Hard","","","","","","","","","","sk","44f31bc455adf439b9738927d090f46c","Indexable",""
"https://www.sofoservis.sk/medzinarodne-stahovanie/francuzsko","670","146","4.589","56.211","Fairly Hard","","","","","","","","","","sk","dfacd4bdad4a1a9e8404df5db448383b","Indexable",""
"https://www.sofoservis.sk/medzinarodne-stahovanie/berlin","676","147","4.599","57.997","Fairly Hard","","","","","","","","","","sk","c547f82c52e5ccbac3f5391f5d268a8b","Indexable",""
"https://www.sofoservis.sk/medzinarodne-stahovanie/londyn","687","146","4.705","55.764","Fairly Hard","","","","","","","","","","sk","2a00a20b194728d382e7f60a88f634a5","Indexable",""
"https://www.sofoservis.sk/medzinarodne-stahovanie/rakusko","728","151","4.821","59.005","Fairly Hard","","","","","","","","","","sk","9f37f97def28fb8880c2adc357952b70","Indexable",""
"https://www.sofoservis.sk/medzinarodne-stahovanie/vieden","751","159","4.723","57.399","Fairly Hard","","","","","","","","","","sk","c2589f8536dd4d035ca2188c65279e8","Indexable",""
"https://www.sofoservis.sk/medzinarodne-stahovanie/madarsko","682","145","4.703","54.817","Fairly Hard","","","","","","","","","","sk","b51bc9a277f849c95529005f4041d920","Indexable",""
"https://www.sofoservis.sk/medzinarodne-stahovanie/svajciarsko","770","158","4.873","54.553","Fairly Hard","","","","","","","","","","sk","2556282711ee901b42f1cdf7a6474d11","Indexable",""
"https://www.sofoservis.sk/medzinarodne-stahovanie/mnichov","665","143","4.650","57.595","Fairly Hard","","","","","","","","","","sk","e0ab08b15ea22f87494aaa2150838b34","Indexable",""
"https://www.sofoservis.sk/medzinarodne-stahovanie/anglicko","718","153","4.693","57.380","Fairly Hard","","","","","","","","","","sk","e3b77b43cfb39d065e2372f11fefd678","Indexable",""
"https://www.sofoservis.sk/medzinarodne-stahovanie/varsava","650","142","4.577","56.937","Fairly Hard","","","","","","","","","","sk","25140e2b08eb73742bf7b29361319bae","Indexable",""
"https://www.sofoservis.sk/en/moving-pezinok","832","168","4.952","64.333","Normal","","","","","","","","","","sk","6e9d570f04c2d5820a1b3433d69d2500","Indexable",""
"https://www.sofoservis.sk/odvoz-likvidacia-stavebneho-odpadu/bratislava","682","150","4.547","53.240","Fairly Hard","","","","","","","","","","sk","b7a14367d4fd4aca3d66dd79541a7f52","Indexable",""
"https://www.sofoservis.sk/odvoz-likvidacia-stavebneho-odpadu/senec","643","143","4.497","55.438","Fairly Hard","","","","","","","","","","sk","3d4efa52a2cb42bbf842c1ac96ba56d8","Indexable",""
"https://www.sofoservis.sk/odvoz-likvidacia-stavebneho-odpadu/galanta","641","142","4.514","54.962","Fairly Hard","","","","","","","","","","sk","36a4f8d2cb766529932fc431912abdd0","Indexable",""
"https://www.sofoservis.sk/odvoz-likvidacia-stavebneho-odpadu/hlohovec","640","141","4.539","53.517","Fairly Hard","","","","","","","","","","sk","bbc99f992140098710c38598e0a48a07","Indexable",""
"https://www.sofoservis.sk/odvoz-likvidacia-stavebneho-odpadu/senica","640","141","4.539","53.781","Fairly Hard","","","","","","","","","","sk","c3ca4949e38d33b3c9a25b02dc7856d","Indexable",""
"https://www.sofoservis.sk/odvoz-likvidacia-stavebneho-odpadu/trnava","641","142","4.514","57.338","Fairly Hard","","","","","","","","","","sk","ce3e8386a833c958e891bd2a7223251a","Indexable",""
"https://www.sofoservis.sk/odvoz-likvidacia-stavebneho-odpadu/nitra","642","143","4.490","57.852","Fairly Hard","","","","","","","","","","sk","3305344782efe97c6431039121a3c167","Indexable",""
"https://www.sofoservis.sk/vypratavanie-po-rekonstrukcii","708","150","4.720","48.498","Hard","","","","","","","","","","sk","93b5ef16add9c00e48b03b9a3a19c1e0","Indexable",""
"https://www.sofoservis.sk/vypratavanie-pozostalosti","925","180","5.139","44.400","Hard","","","","","","","","","","sk","6e96032da3052a7bf03178f6f522cfad","Indexable",""
"https://www.sofoservis.sk/vypratavanie-senec","891","189","4.714","57.632","Fairly Hard","","","","","","","","","","sk","ca0f1b370a3ff0903b692d44ab0bef34","Indexable",""
"https://www.sofoservis.sk/vypratavanie-samorin","881","190","4.637","57.031","Fairly Hard","","","","","","","","","","sk","af98b1489f416c3dd0494c8f103e91a0","Indexable",""
"https://www.sofoservis.sk/vypratavanie-komarno","888","189","4.698","59.637","Fairly Hard","","","","","","","","","","sk","56734d4a1b1926cb92b8bf4a75538d07","Indexable",""
"https://www.sofoservis.sk/vypratavanie-stupava","876","187","4.684","55.962","Fairly Hard","","","","","","","","","","sk","71da67450eabc0c15d4bbbc0df7bf03d","Indexable",""
"https://www.sofoservis.sk/vypratavanie-galanta","903","193","4.679","57.339","Fairly Hard","","","","","","","","","","sk","b337b36e7f53c27727f5e2fb3d551b8","Indexable",""
"https://www.sofoservis.sk/vypratavanie-pezinok","877","191","4.592","54.969","Fairly Hard","","","","","","","","","","sk","b58896301d172d3b71c4191fe5e3edcd","Indexable",""
"https://www.sofoservis.sk/vypratavanie-trnava","895","193","4.637","58.355","Fairly Hard","","","","","","","","","","sk","27ddf280e252c49600834048673993ca","Indexable",""
"https://www.sofoservis.sk/vypratavanie-kancelarii","688","150","4.587","38.021","Hard","","","","","","","","","","sk","c31a3a5187fde5b3661b5bbf3fee6ec3","Indexable",""
"https://www.sofoservis.sk/vypratavanie-chalupy","804","161","4.994","43.194","Hard","","","","","","","","","","sk","fd9c45267524a3b11d258896fef22ba1","Indexable",""
"https://www.sofoservis.sk/vypratavanie-senica","877","189","4.640","54.823","Fairly Hard","","","","","","","","","","sk","f200e217f707436e94d180edd730fa90","Indexable",""
"https://www.sofoservis.sk/vypratavanie-levice","889","192","4.630","54.537","Fairly Hard","","","","","","","","","","sk","c943206a365b2aa22188e47497c3d76c","Indexable",""
"https://www.sofoservis.sk/vypratavanie-nitra","893","192","4.651","59.346","Fairly Hard","","","","","","","","","","sk","bbfd3e7da7543e68b14e4027698727f7","Indexable",""
"https://www.sofoservis.sk/vypratavanie-hlohovec","886","191","4.639","54.984","Fairly Hard","","","","","","","","","","sk","6b483e6aae3b2c7cfd12167d88b4c3a8","Indexable",""
"https://www.sofoservis.sk/vypratavanie-piestany","874","190","4.600","56.197","Fairly Hard","","","","","","","","","","sk","bb924fe2a7d729d76cd593535473ca4d","Indexable",""
"https://www.sofoservis.sk/vypratavanie-malacky","878","190","4.621","57.708","Fairly Hard","","","","","","","","","","sk","4ae3337a417dc0940378c22c1b8575b5","Indexable",""
"https://www.sofoservis.sk/en/moving-senec","838","169","4.959","66.119","Normal","","","","","","","","","","sk","ed6cbbb31e2f586678dca931f181e639","Indexable",""
"https://www.sofoservis.sk/en/moving-nitra","834","169","4.935","66.811","Normal","","","","","","","","","","sk","942742c29cd650b6815adc922181dfd6","Indexable",""
"https://www.sofoservis.sk/en/moving-galanta","835","168","4.970","64.505","Normal","","","","","","","","","","sk","e708d7aacce41967f018bc07db666dda","Indexable",""
"https://www.sofoservis.sk/en/moving-komarno","837","168","4.982","67.449","Normal","","","","","","","","","","sk","c8bd4f7ca8991a1f42ad3aa8192bc38","Indexable",""
"https://www.sofoservis.sk/blog/vypratavanie-po-rekonstrukcii-odvoz-stavebneho-odpadu","1005","158","6.361","60.473","Normal","","","","","","","","","","sk","b1832e991fe043244259315598c51ef4","Indexable",""
"https://www.sofoservis.sk/blog/kolko-stoji-stahovanie-bratislava-2026","1025","161","6.366","58.988","Fairly Hard","","","","","","","","","","sk","a747eecd5bb1cbadb0117d469d802ac1","Indexable",""
"https://www.sofoservis.sk/blog/vypratavanie-bytov-pezinok","941","155","6.071","55.388","Fairly Hard","","","","","","","","","","sk","66d3d1b78fa76e7b51b9f7adccb2be78","Indexable",""
"https://www.sofoservis.sk/blog/ako-si-vybrat-stahovaciu-firmu-10-kriterii","1012","181","5.591","45.168","Hard","","","","","","","","","","sk","d9ba94cd501189f5bcd185804a9293a8","Indexable",""
"https://www.sofoservis.sk/blog/medzinarodne-stahovanie-slovensko-2026","1084","173","6.266","55.235","Fairly Hard","","","","","","","","","","sk","dec115c355237184a7a6ce29119879cb","Indexable",""
"https://www.sofoservis.sk/blog/stahovanie-v-zime-vyhody-vyzvy","963","145","6.641","59.533","Fairly Hard","","","","","","","","","","sk","f645f2cbd9b01b7590982b108df0546d","Indexable",""
"https://www.sofoservis.sk/blog/vypratavanie-bytov-malacky","936","160","5.850","62.066","Normal","","","","","","","","","","sk","c1806545f189f2e5412bd4c981a03f17","Indexable",""
"https://www.sofoservis.sk/blog/stahovanie-seniorov-starsich-osob","1031","161","6.404","56.573","Fairly Hard","","","","","","","","","","sk","56ede79a526cc8d1768fd7a1424c4de","Indexable",""
"https://www.sofoservis.sk/blog/prenajom-stahovacieho-auta-vs-firma","1047","162","6.463","52.245","Fairly Hard","","","","","","","","","","sk","c172a59b4793fefc433cd075a61ad935","Indexable",""
"https://www.sofoservis.sk/blog/ako-sa-pripravit-na-stahovanie-checklist","996","161","6.186","56.668","Fairly Hard","","","","","","","","","","sk","2bc6140c9242af6a11d8df2e4f87c523","Indexable",""
"https://www.sofoservis.sk/blog/stahovanie-s-domacimi-zvieratami","983","150","6.553","67.732","Normal","","","","","","","","","","sk","b10e4bfdf7a7e5b27d0c14ce411ca5e3","Indexable",""
"https://www.sofoservis.sk/blog/vypratavanie-po-sezonnom-uskladneni-bratislava","936","164","5.707","60.856","Normal","","","","","","","","","","sk","c1dd0b1ee4bdb020c7aa5a64a7d777d1","Indexable",""
"https://www.sofoservis.sk/blog/montaz-nabytku-ikea-cena","892","146","6.110","73.260","Fairly Easy","","","","","","","","","","sk","efd4d4cb2d59c244ba2a76703bb23f9f","Indexable",""
"https://www.sofoservis.sk/blog/ako-spravne-zabalit-byt-na-stahovanie","1071","156","6.865","66.608","Normal","","","","","","","","","","sk","1a3f896dbe34150a4cd9e5f0b06728d7","Indexable",""
"https://www.sofoservis.sk/blog/odovzdanie-bytu-po-najme-checklist","982","174","5.644","59.819","Fairly Hard","","","","","","","","","","sk","501bd1425ecd96c979ae88a0c2ed5cd2","Indexable",""
"https://www.sofoservis.sk/blog/vypratavanie-bytu-cena-2026","960","153","6.275","56.294","Fairly Hard","","","","","","","","","","sk","626089003125f3418c423215dc02cc1a","Indexable",""
"https://www.sofoservis.sk/blog/kolko-stoji-vypratavanie-bytu-bratislava-2026","974","158","6.165","66.469","Normal","","","","","","","","","","sk","db27b154c37ce8e2521a61b292bb8b4c","Indexable",""
"https://www.sofoservis.sk/blog/vypratavanie-bytov-senec","921","153","6.020","56.143","Fairly Hard","","","","","","","","","","sk","aab0ae013816d237dceeaefb1f3108ed","Indexable",""
"https://www.sofoservis.sk/blog/vypratavanie-pivnic-skladov-bratislava","978","163","6.000","55.506","Fairly Hard","","","","","","","","","","sk","98fdd349965e3d57751c34de6ad729ba","Indexable",""
"https://www.sofoservis.sk/blog/vypratavanie-po-zosnulom","992","166","5.976","55.363","Fairly Hard","","","","","","","","","","sk","f9dfbbd5dd60a8ea54cd19de5f9b43d5","Indexable",""
"https://www.sofoservis.sk/blog/stahovanie-klavira-tazkych-predmetov","974","153","6.366","59.229","Fairly Hard","","","","","","","","","","sk","f416a152811e5daf5e6b66ba2f62cd46","Indexable",""
"https://www.sofoservis.sk/blog/stahovanie-kancelarie-ako-minimalizovat-prestoj","898","154","5.831","51.218","Fairly Hard","","","","","","","","","","sk","ef5d686b31c07074f5784613144130f4","Indexable",""
"https://www.sofoservis.sk/blog/hodinovy-manzel-sluzby-cena","889","143","6.217","56.638","Fairly Hard","","","","","","","","","","sk","189eeaa70490ce5b9bb7870afcaf6085","Indexable",""
"https://www.sofoservis.sk/en/moving-levice","834","168","4.964","66.071","Normal","","","","","","","","","","sk","92bab7cecbbb06f3349d0ab4e92752f5","Indexable",""
"https://www.sofoservis.sk/vypratavanie-odvoz-stareho-nabytku/bratislava","564","128","4.406","49.213","Hard","","","","","","","","","","sk","da7356b41ce1fa94964e6cad4835a47e","Indexable",""
"https://www.sofoservis.sk/en/moving-hlohovec","830","167","4.970","63.271","Normal","","","","","","","","","","sk","ff34a118f2326cda9153112ef440b01e","Indexable",""
"https://www.sofoservis.sk/hodinovy-manzel-majster/levice","566","130","4.354","59.224","Fairly Hard","","","","","","","","","","sk","32aa5a93a44bbb6f44a1afd413997fa5","Indexable",""
"https://www.sofoservis.sk/hodinovy-manzel-majster/trnava","571","132","4.326","59.173","Fairly Hard","","","","","","","","","","sk","4847b9e96bda4132d4cb06e3ea490e86","Indexable",""
"https://www.sofoservis.sk/hodinovy-manzel-majster/sala","561","132","4.250","62.275","Normal","","","","","","","","","","sk","15284880fdf987a6fda76a22dc916e3d","Indexable",""
"https://www.sofoservis.sk/hodinovy-manzel-majster/galanta","572","135","4.237","57.147","Fairly Hard","","","","","","","","","","sk","6f1d7b7265978dbd9363bacdbc69b4a8","Indexable",""
"https://www.sofoservis.sk/hodinovy-manzel-majster/nitra","570","134","4.254","61.814","Normal","","","","","","","","","","sk","84ff6315c6adaf02b67ab19743977f90","Indexable",""
"https://www.sofoservis.sk/hodinovy-manzel-majster/bratislava","637","150","4.247","58.426","Fairly Hard","","","","","","","","","","sk","f74ef0e862dc0560c51e5300384ccf82","Indexable",""
"https://www.sofoservis.sk/stahovanie-strojov-zariadeni","1092","224","4.875","40.821","Hard","","","","","","","","","","sk","57e1e76c216b754c4c715787e3ec62dc","Indexable",""
"https://www.sofoservis.sk/hodinovy-manzel-majster/piestany","580","130","4.462","62.717","Normal","","","","","","","","","","sk","6413d44af1e7183743bb9132bb0ce862","Indexable",""
"https://www.sofoservis.sk/stahovanie-trezorov","1077","214","5.033","52.557","Fairly Hard","","","","","","","","","","sk","bb864281b6aed91b3c2141cccf0891ff","Indexable",""
"https://www.sofoservis.sk/stahovanie-klavira","1099","219","5.018","50.709","Fairly Hard","","","","","","","","","","sk","621338f028d3f12b1495bd76c8adfc1f","Indexable",""
"https://www.sofoservis.sk/en/moving-malacky","833","168","4.958","63.883","Normal","","","","","","","","","","sk","8f1e4ad2a2a007156b068b5133c097e","Indexable",""
"https://www.sofoservis.sk/en/moving-piestany","835","168","4.970","64.303","Normal","","","","","","","","","","sk","110462882ba7894fe9e2cc1044a28eb2","Indexable",""
"https://www.sofoservis.sk/en/moving-sala","834","167","4.994","67.664","Normal","","","","","","","","","","sk","a428878b58cd16b3140e4a4d836fa396","Indexable",""
"https://www.sofoservis.sk/buracie-demolacne-prace","1563","284","5.504","52.076","Fairly Hard","","","","","","","","","","sk","2d845f1e2665f71a1477bf1e1531b86","Indexable",""
"https://www.sofoservis.sk/en/moving-bratislava","842","174","4.839","61.459","Normal","","","","","","","","","","sk","251f397ac846dbb7b061ecdf3d06e17","Indexable",""
"https://www.sofoservis.sk/stahovanie-karlova-ves","813","175","4.646","59.351","Fairly Hard","","","","","","","","","","sk","4d588b675e33bfdd411e3c3b8614584e","Indexable",""
"https://www.sofoservis.sk/stahovanie-nove-mesto","833","181","4.602","58.252","Fairly Hard","","","","","","","","","","sk","cc7ba449b418030eb925c0fbb8669538","Indexable",""
"https://www.sofoservis.sk/stahovanie-stare-mesto","850","177","4.802","57.046","Fairly Hard","","","","","","","","","","sk","38616af90745be74b48c53d96c99f0f3","Indexable",""
"https://www.sofoservis.sk/stahovanie-petrzalka","842","182","4.626","53.838","Fairly Hard","","","","","","","","","","sk","c9c4398142da85863bcb3a9ac24eb121","Indexable",""
"https://www.sofoservis.sk/stahovanie-dubravka","805","178","4.522","61.945","Normal","","","","","","","","","","sk","7a137355192befa0995dff40ff7e9b71","Indexable",""
"https://www.sofoservis.sk/stahovanie-ruzinov","814","176","4.625","53.831","Fairly Hard","","","","","","","","","","sk","555a9934662aca233868f6410a367329","Indexable",""
"https://www.sofoservis.sk/en/basement-garage-junk-removal","966","167","5.784","65.218","Normal","","","","","","","","","","sk","9c51fb7898ea78934c86fb07fe210139","Indexable",""
"https://www.sofoservis.sk/en/pricing","676","136","4.971","78.019","Fairly Easy","","","","","","","","","","sk","3b476ee5fc0d9629c051d2bdf88b139","Indexable",""
"https://www.sofoservis.sk/en/clearance","959","199","4.819","66.442","Normal","","","","","","","","","","sk","35f37a21a50f9a80393d01d6fb0b5dbe","Indexable",""
"https://www.sofoservis.sk/en/furniture-moving-removal","963","170","5.665","59.910","Fairly Hard","","","","","","","","","","sk","6ea9659ac044a75ac3841cdb24dda3db","Indexable",""
"https://www.sofoservis.sk/en/hazardous-waste-removal","930","171","5.439","52.219","Fairly Hard","","","","","","","","","","sk","75bdd01a0a8560d966eab01c681e57b0","Indexable",""
"https://www.sofoservis.sk/en/kitchen-installation","886","173","5.121","56.786","Fairly Hard","","","","","","","","","","sk","55b211be4a26aadfeacaa23bfabf5ca9","Indexable",""
"https://www.sofoservis.sk/en/furniture-removal","871","162","5.377","60.054","Normal","","","","","","","","","","sk","d482696de86abc86625d3fd58a9c9f24","Indexable",""
"https://www.sofoservis.sk/en/wall-demolition","1245","212","5.873","56.137","Fairly Hard","","","","","","","","","","sk","be8fb8478b0597d4580fef6cd104003a","Indexable",""
"https://www.sofoservis.sk/en/moving-heavy-loads","1087","202","5.381","61.359","Normal","","","","","","","","","","sk","58e7c7ed82d5ac52dde0f6c5815fe6a5","Indexable",""
"https://www.sofoservis.sk/en/demolition-services","954","176","5.420","53.062","Fairly Hard","","","","","","","","","","sk","6ea471ece1f1af12685d48ead1496c3f","Indexable",""
"https://www.sofoservis.sk/en/reviews","309","65","4.754","88.388","Easy","","","","","","","","","","sk","22fe038a1f0d18df241ec6965e695396","Indexable",""
"https://www.sofoservis.sk/en/international-moving-services","1394","277","5.032","59.109","Fairly Hard","","","","","","","","","","sk","11240a8d722db9118d24f4171f914d88","Indexable",""
"https://www.sofoservis.sk/en/privacy-policy","1050","163","6.442","48.500","Hard","","","","","","","","","","sk","53b9c47608be6475555e38cbc45c08d6","Indexable",""
"https://www.sofoservis.sk/en/home-junk-removal","975","176","5.540","65.071","Normal","","","","","","","","","","sk","797801d239c311b8d1906ec6fb9ca19","Indexable",""
"https://www.sofoservis.sk/en/moving","921","190","4.847","65.324","Normal","","","","","","","","","","sk","11bc99bdebb9eeeff477e8b16e96733f","Indexable",""
"https://www.sofoservis.sk/en/office-moving","996","190","5.242","54.484","Fairly Hard","","","","","","","","","","sk","a9da03f21d67ca0fd6daf427a9a99bd8","Indexable",""
"https://www.sofoservis.sk/en/cookie-policy","1323","220","6.014","66.509","Normal","","","","","","","","","","sk","77037eb8a660f44af1941ee0d139e0e6","Indexable",""
"https://www.sofoservis.sk/en/handyman-services","942","175","5.383","64.592","Normal","","","","","","","","","","sk","69c6636a1743ed112117076f1517b5b","Indexable",""
"https://www.sofoservis.sk/en/construction-waste-removal","923","169","5.462","56.106","Fairly Hard","","","","","","","","","","sk","dbdfc8fe8c7fa6167b40ae3760839503","Indexable",""
"https://www.sofoservis.sk/en/property-land-junk-removal","987","179","5.514","67.181","Normal","","","","","","","","","","sk","75a22e57ca8b27b29b16bb97539b6f85","Indexable",""
"https://www.sofoservis.sk/en/contact","422","87","4.851","83.833","Easy","","","","","","","","","","sk","af3ab65d0cfada2398e5d4f6304c7208","Indexable",""
"https://www.sofoservis.sk/en/furniture-assembly","925","186","4.973","59.111","Fairly Hard","","","","","","","","","","sk","d1128712e925920ef0d274c4091257d5","Indexable",""
"https://www.sofoservis.sk/en/apartment-moving","938","184","5.098","61.863","Normal","","","","","","","","","","sk","5e913b6e9673acea2b1a0f28cb044ac4","Indexable",""
"https://www.sofoservis.sk/en/moving-senica","832","169","4.923","64.770","Normal","","","","","","","","","","sk","5b4cf4b24b30923836a95f0e20013d48","Indexable",""
"https://www.sofoservis.sk/vypratavanie-bratislava","1154","233","4.953","53.575","Fairly Hard","","","","","","","","","","sk","6cbc3de98978f0c3619b6a6de3de79ed","Indexable",""
"https://www.sofoservis.sk/en/moving-to-budapest","710","136","5.221","65.461","Normal","","","","","","","","","","sk","39abb52f68e8d17c3bdb132791cb0d96","Indexable",""
"https://www.sofoservis.sk/en/moving-to-frankfurt","643","131","4.908","65.677","Normal","","","","","","","","","","sk","20dabaa4a97775b31008f921f4a4dcfb","Indexable",""
"https://www.sofoservis.sk/en/moving-to-stockholm","646","131","4.931","63.012","Normal","","","","","","","","","","sk","8bb9bcd8841b1092c151f761efd6b051","Indexable",""
"https://www.sofoservis.sk/en/moving-from-slovakia-to-france","752","144","5.222","61.247","Normal","","","","","","","","","","sk","f9c96d83f89898565193aac7c2020b40","Indexable",""
"https://www.sofoservis.sk/en/moving-to-warsaw","671","132","5.083","61.096","Normal","","","","","","","","","","sk","350120dd84ddf8d0fb0a9cc29f75d9aa","Indexable",""
"https://www.sofoservis.sk/en/moving-to-rome","659","130","5.069","65.868","Normal","","","","","","","","","","sk","d2bc4b32f6e0cc19129094bf9a7d2489","Indexable",""
"https://www.sofoservis.sk/en/moving-to-munich","697","136","5.125","64.355","Normal","","","","","","","","","","sk","e8303c8dda02b66d3e250cf2cc980dec","Indexable",""
"https://www.sofoservis.sk/en/moving-to-zurich","699","138","5.065","63.841","Normal","","","","","","","","","","sk","b3922ce55713e719fa19ac72564682a1","Indexable",""
"https://www.sofoservis.sk/en/moving-to-berlin","678","133","5.098","64.279","Normal","","","","","","","","","","sk","5ce1b59a0bfdb58613f9ddd0ed5a2236","Indexable",""
"https://www.sofoservis.sk/en/moving-to-london","716","141","5.078","63.910","Normal","","","","","","","","","","sk","bfbc844f4d0ba0ecb629e8c0e01c005f","Indexable",""
"https://www.sofoservis.sk/en/moving-from-slovakia-to-germany","748","145","5.159","56.377","Fairly Hard","","","","","","","","","","sk","78d73c4d6cde23e011e397b5ce2a75a0","Indexable",""
"https://www.sofoservis.sk/en/moving-to-vienna","773","144","5.368","66.005","Normal","","","","","","","","","","sk","d3460f7646ebcd45248f3205a3e7a194","Indexable",""
"https://www.sofoservis.sk/en/moving-from-slovakia-to-uk","825","149","5.537","66.265","Normal","","","","","","","","","","sk","9e6e2ca60dfbd1f1f71268256c56ead2","Indexable",""
"https://www.sofoservis.sk/en/moving-from-slovakia-to-sweden","727","141","5.156","59.632","Fairly Hard","","","","","","","","","","sk","85aad558467a0ea0d855a00e9bf7c5bc","Indexable",""
"https://www.sofoservis.sk/en/moving-from-germany-to-slovakia","786","148","5.311","59.799","Fairly Hard","","","","","","","","","","sk","970e7c82c986d3fb136d88ebfbe54b40","Indexable",""
"https://www.sofoservis.sk/en/moving-to-hamburg","650","133","4.887","64.432","Normal","","","","","","","","","","sk","f85f730ec08b42b985a5655bd644f7ce","Indexable",""
"https://www.sofoservis.sk/en/moving-to-barcelona","672","133","5.053","57.811","Fairly Hard","","","","","","","","","","sk","622e8a8971f62c78876997b6563d95a2","Indexable",""
"https://www.sofoservis.sk/en/moving-to-brussels","669","131","5.107","65.457","Normal","","","","","","","","","","sk","360cb2256e93562f35e34b411210ad03","Indexable",""
"https://www.sofoservis.sk/en/moving-from-netherlands-to-slovakia","749","141","5.312","62.175","Normal","","","","","","","","","","sk","bc9b5ef311b555720d5104ff7fe24da8","Indexable",""
"https://www.sofoservis.sk/en/moving-from-slovakia-to-switzerland","778","146","5.329","61.042","Normal","","","","","","","","","","sk","6715c995a7a188d250b978597a9b55cc","Indexable",""
"https://www.sofoservis.sk/en/moving-from-slovakia-to-netherlands","754","142","5.310","60.632","Normal","","","","","","","","","","sk","e6e94fdf7544eb138037acdffbddf90b","Indexable",""
"https://www.sofoservis.sk/en/moving-from-slovakia","909","165","5.509","54.473","Fairly Hard","","","","","","","","","","sk","8587575464be29fa26195ed4b1379aa5","Indexable",""
"https://www.sofoservis.sk/en/moving-from-slovakia-to-austria","780","145","5.379","62.870","Normal","","","","","","","","","","sk","80ec63cc692a4ceecdd73f51dda27634","Indexable",""
"https://www.sofoservis.sk/en/moving-from-slovakia-to-norway","777","145","5.359","59.634","Fairly Hard","","","","","","","","","","sk","55cb41a69208135db883bbd020ca049f","Indexable",""
"https://www.sofoservis.sk/en/moving-to-slovakia","851","161","5.286","62.094","Normal","","","","","","","","","","sk","1ac8cb07758eaaa83d52c8957eefadb1","Indexable",""
"https://www.sofoservis.sk/en/moving-to-prague","718","139","5.165","66.562","Normal","","","","","","","","","","sk","be05e17551420dbbc1cd59c0f81dae41","Indexable",""
"https://www.sofoservis.sk/en/moving-to-dublin","692","134","5.164","67.114","Normal","","","","","","","","","","sk","d048eea48fbc2e12048d393bcd05483f","Indexable",""
"https://www.sofoservis.sk/en/moving-to-amsterdam","667","132","5.053","57.366","Fairly Hard","","","","","","","","","","sk","8ef08cc33ff206f95dfb3b06a56ceca7","Indexable",""
"https://www.sofoservis.sk/en/moving-from-uk-to-slovakia","852","155","5.497","65.518","Normal","","","","","","","","","","sk","b6bfd24334724a9d1bba649ef0fcde74","Indexable",""
"https://www.sofoservis.sk/en/moving-from-france-to-slovakia","796","149","5.342","66.010","Normal","","","","","","","","","","sk","6c9da2a3d5e65b245cfc9c85374c9b30","Indexable",""
"https://www.sofoservis.sk/en/moving-from-slovakia-to-ireland","756","142","5.324","59.872","Fairly Hard","","","","","","","","","","sk","69eb4b18f24cdec8d0349f419ec7a706","Indexable",""
"https://www.sofoservis.sk/en/moving-to-paris","674","132","5.106","63.707","Normal","","","","","","","","","","sk","f93230538a5c3cd76ddf06c36290d5de","Indexable",""
"https://www.sofoservis.sk/en/moving-from-austria-to-slovakia","793","143","5.545","64.225","Normal","","","","","","","","","","sk","e55cc15ff996b75938262ab94d5bedeb","Indexable",""
"https://www.sofoservis.sk/en/moving-from-usa-to-slovakia","876","151","5.801","65.645","Normal","","","","","","","","","","sk","3de6466524df15afa4588db1313a8c8f","Indexable",""
"https://www.sofoservis.sk/en/safe-moving","1188","210","5.657","74.264","Fairly Easy","","","","","","","","","","sk","a3ac55548acb33e473a58574f7266b23","Indexable",""
"https://www.sofoservis.sk/en/upright-piano-moving","1180","205","5.756","71.512","Fairly Easy","","","","","","","","","","sk","8e1198775e7605f685ae4a38518aedec","Indexable",""
"https://www.sofoservis.sk/en/machinery-moving","1196","225","5.316","57.351","Fairly Hard","","","","","","","","","","sk","3a7ac24965376afcce06ef0c749cb1d3","Indexable",""
"https://www.sofoservis.sk/en/piano-moving","1224","213","5.746","71.130","Fairly Easy","","","","","","","","","","sk","258bbe5ff1a73e9fc9920c45d8dc25f0","Indexable",""
"https://www.sofoservis.sk/en/office-clearance","678","139","4.878","68.745","Normal","","","","","","","","","","sk","67b1a20ad9eb78e6f6caada5368aafde","Indexable",""
"https://www.sofoservis.sk/en/post-renovation-clearance","663","137","4.839","73.300","Fairly Easy","","","","","","","","","","sk","37bb6913e25cac53560254dbf6822872","Indexable",""
"https://www.sofoservis.sk/en/cottage-clearance","669","135","4.956","72.313","Fairly Easy","","","","","","","","","","sk","f6dc9d7eba17b686fbcbc6553d154f1","Indexable",""
"https://www.sofoservis.sk/en/estate-clearance-bereavement","718","143","5.021","72.364","Fairly Easy","","","","","","","","","","sk","baa9d9e86911fb881f979c81c75bd055","Indexable",""
"https://www.sofoservis.sk/en/home-clearance-bratislava","837","175","4.783","65.630","Normal","","","","","","","","","","sk","d4c36d5c49cb10c5fd195100549c770a","Indexable",""
"https://www.sofoservis.sk/en/furniture-assembly-bratislava","827","180","4.594","55.477","Fairly Hard","","","","","","","","","","sk","8824cf06ef24e88994da14e455a3a63f","Indexable",""
"https://www.sofoservis.sk/buracie-demolacne-prace/trnava","640","141","4.539","66.207","Normal","","","","","","","","","","sk","475c84501c12adce0bb34c30b9161670","Indexable",""
"https://www.sofoservis.sk/buracie-demolacne-prace/pezinok","640","141","4.539","62.902","Normal","","","","","","","","","","sk","b82f780e41333feb6d47c206e7a3f4cc","Indexable",""
"https://www.sofoservis.sk/buracie-demolacne-prace/nitra","641","139","4.612","66.874","Normal","","","","","","","","","","sk","43545ce9f070da09766cee690a582fd7","Indexable",""
"https://www.sofoservis.sk/stahovanie-pianina","1090","215","5.070","54.532","Fairly Hard","","","","","","","","","","sk","2149c86de8b572abf3a4df9016bb2755","Indexable",""
"https://www.sofoservis.sk/en/handyman-piestany","816","168","4.857","64.015","Normal","","","","","","","","","","sk","6ba44f7933616544c5c877e70015e8a4","Indexable",""
"https://www.sofoservis.sk/en/handyman-bratislava","830","173","4.798","61.101","Normal","","","","","","","","","","sk","cf7c932f3ab9fe2b8c773909f780c621","Indexable",""
"https://www.sofoservis.sk/en/handyman-nitra","815","165","4.939","66.150","Normal","","","","","","","","","","sk","d22c0b8a5d17c9ff7e16f6b9233e2f88","Indexable",""
"https://www.sofoservis.sk/en/handyman-galanta","815","165","4.939","63.970","Normal","","","","","","","","","","sk","cfae7c0e50018e859222d3e67f095e72","Indexable",""
"https://www.sofoservis.sk/en/handyman-sala","816","165","4.945","66.932","Normal","","","","","","","","","","sk","b50498e2d0a4552f50f25417ed42d504","Indexable",""
"https://www.sofoservis.sk/en/old-furniture-removal-bratislava","820","173","4.740","56.450","Fairly Hard","","","","","","","","","","sk","5c02a3b76fd1761d5f767f21ab35154e","Indexable",""
"https://www.sofoservis.sk/en/handyman-trnava","817","166","4.922","65.154","Normal","","","","","","","","","","sk","cc1ff003b73c40f2f88637ec37e4c87e","Indexable",""
"https://www.sofoservis.sk/en/handyman-levice","815","164","4.970","65.081","Normal","","","","","","","","","","sk","e1e2bd6d1a1a8f0710a38ac7a425062c","Indexable",""
"https://www.sofoservis.sk/en/construction-waste-removal-nitra","816","165","4.945","58.327","Fairly Hard","","","","","","","","","","sk","2a121da72f84cfa5604f816de475c895","Indexable",""
"https://www.sofoservis.sk/en/construction-waste-removal-trnava","818","166","4.928","57.351","Fairly Hard","","","","","","","","","","sk","95ee7603a97bed9fcc8da3c3649107b7","Indexable",""
"https://www.sofoservis.sk/en/construction-waste-removal-senica","815","166","4.910","57.772","Fairly Hard","","","","","","","","","","sk","fa958902cf8a12fe3fa93f606e0f33cd","Indexable",""
"https://www.sofoservis.sk/en/construction-waste-removal-hlohovec","812","164","4.951","56.781","Fairly Hard","","","","","","","","","","sk","7f4e48d1bb3cf21ad30698be2cd0e3e1","Indexable",""
"https://www.sofoservis.sk/en/construction-waste-removal-galanta","816","165","4.945","57.498","Fairly Hard","","","","","","","","","","sk","56561b05e8a84db76e3a87c9f6c024ac","Indexable",""
"https://www.sofoservis.sk/buracie-demolacne-prace/bratislava","662","147","4.503","58.623","Fairly Hard","","","","","","","","","","sk","c140db43ed9d08853a2994d7c9d14b1","Indexable",""
"https://www.sofoservis.sk/en/construction-waste-removal-senec","819","165","4.964","57.388","Fairly Hard","","","","","","","","","","sk","bfd47ffde46b21112d49149f9fe72fc3","Indexable",""
"https://www.sofoservis.sk/en/construction-waste-removal-bratislava","828","172","4.814","56.249","Fairly Hard","","","","","","","","","","sk","e30e8861c6d913b65d75cf8ba2aae1e9","Indexable",""
"https://www.sofoservis.sk/stahovanie-z-francuzska-na-slovensko","681","144","4.729","62.277","Normal","","","","","","","","","","sk","4657ff5eae0b7ace3bbcd2628c2fd63c","Indexable",""
"https://www.sofoservis.sk/stahovanie-z-rakuska-na-slovensko","701","147","4.769","63.328","Normal","","","","","","","","","","sk","c90cd978eb1154088e133ef3c76595a5","Indexable",""
"https://www.sofoservis.sk/stahovanie-z-holandska-na-slovensko","663","144","4.604","56.696","Fairly Hard","","","","","","","","","","sk","e4fe963d07857297fd1b3a56f3ab1bb1","Indexable",""
"https://www.sofoservis.sk/stahovanie-z-nemecka-na-slovensko","707","147","4.810","58.600","Fairly Hard","","","","","","","","","","sk","fe0d3957d08727498c0d85f7d3bebfa2","Indexable",""
"https://www.sofoservis.sk/stahovanie-z-anglie-na-slovensko","731","155","4.716","58.425","Fairly Hard","","","","","","","","","","sk","7eb573c096d702be7baf11eb17922e8","Indexable",""
"https://www.sofoservis.sk/stahovanie-z-usa-na-slovensko","707","148","4.777","53.727","Fairly Hard","","","","","","","","","","sk","7910a7b6e6aca7c102ec5f3279a324dd","Indexable",""
