"Address","Occurrences","H1-1","H1-1 Length","Indexability","Indexability Status"
"https://www.sofoservis.sk/","1","Sťahovanie, vypratávanie a montáž nábytku – s najlepším hodnotením.","67","Indexable",""
"https://www.sofoservis.sk/stahovanie-senica","1","Sťahovanie Senica: Rýchlo a spoľahlivo.","39","Indexable",""
"https://www.sofoservis.sk/en","1","Professional Moving Services.","29","Indexable",""
"https://www.sofoservis.sk/stahovanie-bratislava","1","Sťahovanie Bratislava: Rýchlo a spoľahlivo.","43","Indexable",""
"https://www.sofoservis.sk/montaz-nabytku","1","Montáž, skladanie a demontáž nábytku.","37","Indexable",""
"https://www.sofoservis.sk/cennik","1","Cenník našich služieb.","22","Indexable",""
"https://www.sofoservis.sk/likvidacia-nebezpecneho-odpadu-starych-spotrebicov","1","Likvidácia a odvoz nebezpečného odpadu, starých spotrebičov.","60","Indexable",""
"https://www.sofoservis.sk/buranie-stien-priecok","1","Búranie nosných stien, priečok v dome a byte.","45","Indexable",""
"https://www.sofoservis.sk/stahovanie-sala","1","Sťahovanie Šaľa: Rýchlo a spoľahlivo.","37","Indexable",""
"https://www.sofoservis.sk/kontakt","1","Kontakt.","8","Indexable",""
"https://www.sofoservis.sk/stahovanie-malacky","1","Sťahovanie Malacky: Rýchlo a spoľahlivo.","40","Indexable",""
"https://www.sofoservis.sk/stahovanie-piestany","1","Sťahovanie Piešťany: Rýchlo a spoľahlivo.","41","Indexable",""
"https://www.sofoservis.sk/stahovanie","1","Sťahovanie.","11","Indexable",""
"https://www.sofoservis.sk/stahovanie-preprava-nabytku","1","Sťahovanie a preprava nábytku.","30","Indexable",""
"https://www.sofoservis.sk/hodinovy-manzel-majster","1","Hodinový manžel a majster.","26","Indexable",""
"https://www.sofoservis.sk/vypratavanie-pivnic-garazi-nebytovych-priestorov","1","Vypratávanie pivníc, garáži a nebytových priestorov.","52","Indexable",""
"https://www.sofoservis.sk/stahovanie-hlohovec","1","Sťahovanie Hlohovec: Rýchlo a spoľahlivo.","41","Indexable",""
"https://www.sofoservis.sk/stahovanie-levice","1","Sťahovanie Levice: Rýchlo a spoľahlivo.","39","Indexable",""
"https://www.sofoservis.sk/zasady-pouzivania-cookies","1","Zásady používania súborov cookies","33","Indexable",""
"https://www.sofoservis.sk/stahovanie-kancelarii-firiem","1","Sťahovanie kancelárií a firiem.","31","Indexable",""
"https://www.sofoservis.sk/blog","1","Tipy a rady od profesionálov.","29","Indexable",""
"https://www.sofoservis.sk/stahovanie-tazkych-bremien","1","Sťahovanie ťažkých bremien.","27","Indexable",""
"https://www.sofoservis.sk/vypratavanie-odvoz-stareho-nabytku","1","Odvoz, vypratávanie a likvidácia starého nábytku.","49","Indexable",""
"https://www.sofoservis.sk/stahovanie-bytov-domov","1","Sťahovanie bytov a domov.","25","Indexable",""
"https://www.sofoservis.sk/stahovanie-komarno","1","Sťahovanie Komárno: Rýchlo a spoľahlivo.","40","Indexable",""
"https://www.sofoservis.sk/montaz-kuchyne","1","Montáž a skladanie kuchyne.","27","Indexable",""
"https://www.sofoservis.sk/stahovanie-galanta","1","Sťahovanie Galanta: Rýchlo a spoľahlivo.","40","Indexable",""
"https://www.sofoservis.sk/vypratavanie-bytov-domov","1","Vypratávanie bytov a domov.","27","Indexable",""
"https://www.sofoservis.sk/stahovanie-nitra","1","Sťahovanie Nitra: Rýchlo a spoľahlivo.","38","Indexable",""
"https://www.sofoservis.sk/stahovanie-senec","1","Sťahovanie Senec: Rýchlo a spoľahlivo.","38","Indexable",""
"https://www.sofoservis.sk/buranie-demolacia-domov-bytov","1","Búranie a demolácia domov, budov.","33","Indexable",""
"https://www.sofoservis.sk/vypratavanie","1","Vypratávanie.","13","Indexable",""
"https://www.sofoservis.sk/cistenie-vypratavanie-pozemkov-nehnutelnosti","1","Čistenie a vypratávanie pozemku, nehnuteľnosti.","47","Indexable",""
"https://www.sofoservis.sk/zasady-spracovania-osobnych-udajov","1","Zásady spracovania osobných údajov a systém ochrany osobných údajov podľa nariadenia GDPR","89","Indexable",""
"https://www.sofoservis.sk/odvoz-likvidacia-stavebneho-odpadu","1","Odvoz a likvidácia stavebného odpadu, sute.","43","Indexable",""
"https://www.sofoservis.sk/referencie","1","Referencie našich prác.","23","Indexable",""
"https://www.sofoservis.sk/stahovanie-pezinok","1","Sťahovanie Pezinok: Rýchlo a spoľahlivo.","40","Indexable",""
"https://www.sofoservis.sk/stahovanie-trnava","1","Sťahovanie Trnava: Rýchlo a spoľahlivo.","39","Indexable",""
"https://www.sofoservis.sk/stahovanie-stupava","1","Sťahovanie Stupava: Rýchlo a spoľahlivo.","40","Indexable",""
"https://www.sofoservis.sk/medzinarodne-stahovanie","1","Medzinárodné sťahovanie.","24","Indexable",""
"https://www.sofoservis.sk/stahovanie-samorin","1","Sťahovanie Šamorín: Rýchlo a spoľahlivo.","40","Indexable",""
"https://www.sofoservis.sk/en/moving-stupava","1","Moving Services in Stupava.","27","Indexable",""
"https://www.sofoservis.sk/medzinarodne-stahovanie/svedsko","1","Sťahovanie do Švédska.","22","Indexable",""
"https://www.sofoservis.sk/en/moving-trnava","1","Moving Services in Trnava.","26","Indexable",""
"https://www.sofoservis.sk/medzinarodne-stahovanie/spanielsko","1","Sťahovanie do Španielska.","25","Indexable",""
"https://www.sofoservis.sk/en/moving-samorin","1","Moving Services in Šamorín.","27","Indexable",""
"https://www.sofoservis.sk/medzinarodne-stahovanie/praha","1","Sťahovanie do Prahy.","20","Indexable",""
"https://www.sofoservis.sk/medzinarodne-stahovanie/holandsko","1","Sťahovanie do Holandska.","24","Indexable",""
"https://www.sofoservis.sk/medzinarodne-stahovanie/zurich","1","Sťahovanie do Zürichu.","22","Indexable",""
"https://www.sofoservis.sk/medzinarodne-stahovanie/frankfurt","1","Sťahovanie do Frankfurtu.","25","Indexable",""
"https://www.sofoservis.sk/medzinarodne-stahovanie/dublin","1","Sťahovanie do Dublinu.","22","Indexable",""
"https://www.sofoservis.sk/medzinarodne-stahovanie/norsko","1","Sťahovanie do Nórska.","21","Indexable",""
"https://www.sofoservis.sk/stahovanie-na-slovensko","1","Sťahovanie na Slovensko.","24","Indexable",""
"https://www.sofoservis.sk/medzinarodne-stahovanie/pariz","1","Sťahovanie do Paríža.","21","Indexable",""
"https://www.sofoservis.sk/medzinarodne-stahovanie/budapest","1","Sťahovanie do Budapešti.","24","Indexable",""
"https://www.sofoservis.sk/medzinarodne-stahovanie/belgicko","1","Sťahovanie do Belgicka.","23","Indexable",""
"https://www.sofoservis.sk/medzinarodne-stahovanie/nemecko","1","Sťahovanie do Nemecka.","22","Indexable",""
"https://www.sofoservis.sk/medzinarodne-stahovanie/brno","1","Sťahovanie do Brna.","19","Indexable",""
"https://www.sofoservis.sk/medzinarodne-stahovanie/hamburg","1","Sťahovanie do Hamburgu.","23","Indexable",""
"https://www.sofoservis.sk/stahovanie-zo-slovenska","1","Sťahovanie zo Slovenska.","24","Indexable",""
"https://www.sofoservis.sk/medzinarodne-stahovanie/dansko","1","Sťahovanie do Dánska.","21","Indexable",""
"https://www.sofoservis.sk/medzinarodne-stahovanie/irsko","1","Sťahovanie do Írska.","20","Indexable",""
"https://www.sofoservis.sk/medzinarodne-stahovanie/taliansko","1","Sťahovanie do Talianska.","24","Indexable",""
"https://www.sofoservis.sk/medzinarodne-stahovanie/polsko","1","Sťahovanie do Poľska.","21","Indexable",""
"https://www.sofoservis.sk/medzinarodne-stahovanie/brusel","1","Sťahovanie do Bruselu.","22","Indexable",""
"https://www.sofoservis.sk/medzinarodne-stahovanie/ceska-republika","1","Sťahovanie do Českej republiky.","31","Indexable",""
"https://www.sofoservis.sk/medzinarodne-stahovanie/amsterdam","1","Sťahovanie do Amsterdamu.","25","Indexable",""
"https://www.sofoservis.sk/medzinarodne-stahovanie/francuzsko","1","Sťahovanie do Francúzska.","25","Indexable",""
"https://www.sofoservis.sk/medzinarodne-stahovanie/berlin","1","Sťahovanie do Berlína.","22","Indexable",""
"https://www.sofoservis.sk/medzinarodne-stahovanie/londyn","1","Sťahovanie do Londýna.","22","Indexable",""
"https://www.sofoservis.sk/medzinarodne-stahovanie/rakusko","1","Sťahovanie do Rakúska.","22","Indexable",""
"https://www.sofoservis.sk/medzinarodne-stahovanie/vieden","1","Sťahovanie do Viedne.","21","Indexable",""
"https://www.sofoservis.sk/medzinarodne-stahovanie/madarsko","1","Sťahovanie do Maďarska.","23","Indexable",""
"https://www.sofoservis.sk/medzinarodne-stahovanie/svajciarsko","1","Sťahovanie do Švajčiarska.","26","Indexable",""
"https://www.sofoservis.sk/medzinarodne-stahovanie/mnichov","1","Sťahovanie do Mníchova.","23","Indexable",""
"https://www.sofoservis.sk/medzinarodne-stahovanie/anglicko","1","Sťahovanie do Anglicka.","23","Indexable",""
"https://www.sofoservis.sk/medzinarodne-stahovanie/varsava","1","Sťahovanie do Varšavy.","22","Indexable",""
"https://www.sofoservis.sk/en/moving-pezinok","1","Moving Services in Pezinok.","27","Indexable",""
"https://www.sofoservis.sk/odvoz-likvidacia-stavebneho-odpadu/bratislava","1","Odvoz stavebného odpadu Bratislava.","35","Indexable",""
"https://www.sofoservis.sk/odvoz-likvidacia-stavebneho-odpadu/senec","1","Odvoz stavebného odpadu Senec.","30","Indexable",""
"https://www.sofoservis.sk/odvoz-likvidacia-stavebneho-odpadu/galanta","1","Odvoz stavebného odpadu Galanta.","32","Indexable",""
"https://www.sofoservis.sk/odvoz-likvidacia-stavebneho-odpadu/hlohovec","1","Odvoz stavebného odpadu Hlohovec.","33","Indexable",""
"https://www.sofoservis.sk/odvoz-likvidacia-stavebneho-odpadu/senica","1","Odvoz stavebného odpadu Senica.","31","Indexable",""
"https://www.sofoservis.sk/odvoz-likvidacia-stavebneho-odpadu/trnava","1","Odvoz stavebného odpadu Trnava.","31","Indexable",""
"https://www.sofoservis.sk/odvoz-likvidacia-stavebneho-odpadu/nitra","1","Odvoz stavebného odpadu Nitra.","30","Indexable",""
"https://www.sofoservis.sk/vypratavanie-po-rekonstrukcii","1","Vypratávanie po rekonštrukcii.","30","Indexable",""
"https://www.sofoservis.sk/vypratavanie-pozostalosti","1","Vypratávanie pozostalosti — diskrétne a s empatiou.","51","Indexable",""
"https://www.sofoservis.sk/vypratavanie-senec","1","Vypratávanie Senec: Rýchlo a spoľahlivo.","40","Indexable",""
"https://www.sofoservis.sk/vypratavanie-samorin","1","Vypratávanie Šamorín: Rýchlo a spoľahlivo.","42","Indexable",""
"https://www.sofoservis.sk/vypratavanie-komarno","1","Vypratávanie Komárno: Rýchlo a spoľahlivo.","42","Indexable",""
"https://www.sofoservis.sk/vypratavanie-stupava","1","Vypratávanie Stupava: Rýchlo a spoľahlivo.","42","Indexable",""
"https://www.sofoservis.sk/vypratavanie-galanta","1","Vypratávanie Galanta: Rýchlo a spoľahlivo.","42","Indexable",""
"https://www.sofoservis.sk/vypratavanie-pezinok","1","Vypratávanie Pezinok: Rýchlo a spoľahlivo.","42","Indexable",""
"https://www.sofoservis.sk/vypratavanie-trnava","1","Vypratávanie Trnava: Rýchlo a spoľahlivo.","41","Indexable",""
"https://www.sofoservis.sk/vypratavanie-kancelarii","1","Vypratávanie kancelárií a kancelárskych priestorov.","51","Indexable",""
"https://www.sofoservis.sk/vypratavanie-chalupy","1","Vypratávanie chalupy, chaty a záhradného domčeka.","49","Indexable",""
"https://www.sofoservis.sk/vypratavanie-senica","1","Vypratávanie Senica: Rýchlo a spoľahlivo.","41","Indexable",""
"https://www.sofoservis.sk/vypratavanie-levice","1","Vypratávanie Levice: Rýchlo a spoľahlivo.","41","Indexable",""
"https://www.sofoservis.sk/vypratavanie-nitra","1","Vypratávanie Nitra: Rýchlo a spoľahlivo.","40","Indexable",""
"https://www.sofoservis.sk/vypratavanie-hlohovec","1","Vypratávanie Hlohovec: Rýchlo a spoľahlivo.","43","Indexable",""
"https://www.sofoservis.sk/vypratavanie-piestany","1","Vypratávanie Piešťany: Rýchlo a spoľahlivo.","43","Indexable",""
"https://www.sofoservis.sk/vypratavanie-malacky","1","Vypratávanie Malacky: Rýchlo a spoľahlivo.","42","Indexable",""
"https://www.sofoservis.sk/en/moving-senec","1","Moving Services in Senec.","25","Indexable",""
"https://www.sofoservis.sk/en/moving-nitra","1","Moving Services in Nitra.","25","Indexable",""
"https://www.sofoservis.sk/en/moving-galanta","1","Moving Services in Galanta.","27","Indexable",""
"https://www.sofoservis.sk/en/moving-komarno","1","Moving Services in Komárno.","27","Indexable",""
"https://www.sofoservis.sk/blog/vypratavanie-po-rekonstrukcii-odvoz-stavebneho-odpadu","1","Vypratávanie po rekonštrukcii — odvoz stavebného odpadu v Bratislave 2026.","74","Indexable",""
"https://www.sofoservis.sk/blog/kolko-stoji-stahovanie-bratislava-2026","1","Koľko stojí sťahovanie v Bratislave 2026 — ceny, faktory a tipy.","64","Indexable",""
"https://www.sofoservis.sk/blog/vypratavanie-bytov-pezinok","1","Vypratávanie bytov Pezinok — kompletné upratanie a odvoz odpadu.","64","Indexable",""
"https://www.sofoservis.sk/blog/ako-si-vybrat-stahovaciu-firmu-10-kriterii","1","Ako si vybrať sťahovaciu firmu — 10 kritérií, ktoré rozhodnú.","61","Indexable",""
"https://www.sofoservis.sk/blog/medzinarodne-stahovanie-slovensko-2026","1","Medzinárodné sťahovanie zo Slovenska a na Slovensko 2026 — kompletný sprievodca.","80","Indexable",""
"https://www.sofoservis.sk/blog/stahovanie-v-zime-vyhody-vyzvy","1","Sťahovanie v zime — výhody, výzvy a ako sa pripraviť.","53","Indexable",""
"https://www.sofoservis.sk/blog/vypratavanie-bytov-malacky","1","Vypratávanie bytov Malacky — rýchly odvoz odpadu a nábytku.","59","Indexable",""
"https://www.sofoservis.sk/blog/stahovanie-seniorov-starsich-osob","1","Sťahovanie seniorov — ako bezpečne a pohodlne presťahovať staršiu osobu.","72","Indexable",""
"https://www.sofoservis.sk/blog/prenajom-stahovacieho-auta-vs-firma","1","Prenájom sťahovacieho auta vs. profesionálna firma — čo sa oplatí viac.","71","Indexable",""
"https://www.sofoservis.sk/blog/ako-sa-pripravit-na-stahovanie-checklist","1","Ako sa pripraviť na sťahovanie 2026 — kompletný checklist krok za krokom.","73","Indexable",""
"https://www.sofoservis.sk/blog/stahovanie-s-domacimi-zvieratami","1","Sťahovanie s domácimi zvieratami — ako minimalizovať stres pre vás aj miláčika.","79","Indexable",""
"https://www.sofoservis.sk/blog/vypratavanie-po-sezonnom-uskladneni-bratislava","1","Vypratávanie po sezónnom uskladnení v Bratislave — ako sa zbaviť nepotrebného.","78","Indexable",""
"https://www.sofoservis.sk/blog/montaz-nabytku-ikea-cena","1","Montáž nábytku IKEA v roku 2026 — koľko stojí a prečo sa oplatí odborník.","73","Indexable",""
"https://www.sofoservis.sk/blog/ako-spravne-zabalit-byt-na-stahovanie","1","Ako správne zbaliť byt na sťahovanie — materiál a tipy 2026.","60","Indexable",""
"https://www.sofoservis.sk/blog/odovzdanie-bytu-po-najme-checklist","1","Odovzdanie bytu po nájme — kompletný checklist a tipy pred odchodom.","68","Indexable",""
"https://www.sofoservis.sk/blog/vypratavanie-bytu-cena-2026","1","Vypratávanie bytu v roku 2026 — čo ovplyvňuje cenu a ako ušetriť.","65","Indexable",""
"https://www.sofoservis.sk/blog/kolko-stoji-vypratavanie-bytu-bratislava-2026","1","Koľko stojí vypratávanie bytu v Bratislave 2026 — prehľad cien a čo ich ovplyvňuje.","83","Indexable",""
"https://www.sofoservis.sk/blog/vypratavanie-bytov-senec","1","Vypratávanie bytov Senec — odvoz odpadu bez starostí.","53","Indexable",""
"https://www.sofoservis.sk/blog/vypratavanie-pivnic-skladov-bratislava","1","Vypratávanie pivníc a skladov v Bratislave — rýchlo, čisto a bez starostí.","74","Indexable",""
"https://www.sofoservis.sk/blog/vypratavanie-po-zosnulom","1","Vypratávanie po zosnulom — citlivý sprievodca celým procesom.","61","Indexable",""
"https://www.sofoservis.sk/blog/stahovanie-klavira-tazkych-predmetov","1","Sťahovanie klavíra a ťažkých predmetov — čo treba vedieť pred objednaním.","73","Indexable",""
"https://www.sofoservis.sk/blog/stahovanie-kancelarie-ako-minimalizovat-prestoj","1","Sťahovanie kancelárie 2026 — ako minimalizovať prestoj a ochrániť vybavenie.","76","Indexable",""
"https://www.sofoservis.sk/blog/hodinovy-manzel-sluzby-cena","1","Hodinový manžel — čo všetko vyrieši a koľko stojí v 2026.","57","Indexable",""
"https://www.sofoservis.sk/en/moving-levice","1","Moving Services in Levice.","26","Indexable",""
"https://www.sofoservis.sk/vypratavanie-odvoz-stareho-nabytku/bratislava","1","Odvoz starého nábytku Bratislava.","33","Indexable",""
"https://www.sofoservis.sk/en/moving-hlohovec","1","Moving Services in Hlohovec.","28","Indexable",""
"https://www.sofoservis.sk/hodinovy-manzel-majster/levice","1","Hodinový manžel v Leviciach.","28","Indexable",""
"https://www.sofoservis.sk/hodinovy-manzel-majster/trnava","1","Hodinový manžel v Trnave.","25","Indexable",""
"https://www.sofoservis.sk/hodinovy-manzel-majster/sala","1","Hodinový manžel v Šali.","23","Indexable",""
"https://www.sofoservis.sk/hodinovy-manzel-majster/galanta","1","Hodinový manžel v Galante.","26","Indexable",""
"https://www.sofoservis.sk/hodinovy-manzel-majster/nitra","1","Hodinový manžel v Nitre.","24","Indexable",""
"https://www.sofoservis.sk/hodinovy-manzel-majster/bratislava","1","Hodinový manžel v Bratislave.","29","Indexable",""
"https://www.sofoservis.sk/stahovanie-strojov-zariadeni","1","Sťahovanie strojov a priemyselných zariadení.","45","Indexable",""
"https://www.sofoservis.sk/hodinovy-manzel-majster/piestany","1","Hodinový manžel v Piešťanoch.","29","Indexable",""
"https://www.sofoservis.sk/stahovanie-trezorov","1","Sťahovanie trezorov a sejfov.","29","Indexable",""
"https://www.sofoservis.sk/stahovanie-klavira","1","Sťahovanie klavíra a pianína.","29","Indexable",""
"https://www.sofoservis.sk/en/moving-malacky","1","Moving Services in Malacky.","27","Indexable",""
"https://www.sofoservis.sk/en/moving-piestany","1","Moving Services in Piešťany.","28","Indexable",""
"https://www.sofoservis.sk/en/moving-sala","1","Moving Services in Šaľa.","24","Indexable",""
"https://www.sofoservis.sk/buracie-demolacne-prace","1","Búracie a demolačné práce od profesionálov.","43","Indexable",""
"https://www.sofoservis.sk/en/moving-bratislava","1","Moving Services in Bratislava.","30","Indexable",""
"https://www.sofoservis.sk/stahovanie-karlova-ves","1","Sťahovanie Karlova Ves: Rýchlo a spoľahlivo.","44","Indexable",""
"https://www.sofoservis.sk/stahovanie-nove-mesto","1","Sťahovanie Nové Mesto: Rýchlo a spoľahlivo.","43","Indexable",""
"https://www.sofoservis.sk/stahovanie-stare-mesto","1","Sťahovanie Staré Mesto: Centrum bez komplikácií.","48","Indexable",""
"https://www.sofoservis.sk/stahovanie-petrzalka","1","Sťahovanie Petržalka: Rýchlo a spoľahlivo.","42","Indexable",""
"https://www.sofoservis.sk/stahovanie-dubravka","1","Sťahovanie Dúbravka: Rýchlo a spoľahlivo.","41","Indexable",""
"https://www.sofoservis.sk/stahovanie-ruzinov","1","Sťahovanie Ružinov: Rýchlo a spoľahlivo.","40","Indexable",""
"https://www.sofoservis.sk/en/basement-garage-junk-removal","1","Basement, Garage & Commercial Space Junk Removal.","49","Indexable",""
"https://www.sofoservis.sk/en/pricing","1","Our Service Pricing.","20","Indexable",""
"https://www.sofoservis.sk/en/clearance","1","Clearance Services.","19","Indexable",""
"https://www.sofoservis.sk/en/furniture-moving-removal","1","Furniture Moving and Removal.","29","Indexable",""
"https://www.sofoservis.sk/en/hazardous-waste-removal","1","Hazardous Waste & Appliance Removal.","36","Indexable",""
"https://www.sofoservis.sk/en/kitchen-installation","1","Kitchen Installation & Assembly.","32","Indexable",""
"https://www.sofoservis.sk/en/furniture-removal","1","Furniture Removal & Disposal Services.","38","Indexable",""
"https://www.sofoservis.sk/en/wall-demolition","1","Wall & Partition Demolition in Homes and Apartments.","52","Indexable",""
"https://www.sofoservis.sk/en/moving-heavy-loads","1","Moving Heavy Loads.","19","Indexable",""
"https://www.sofoservis.sk/en/demolition-services","1","Demolition & Building Removal Services.","39","Indexable",""
"https://www.sofoservis.sk/en/reviews","1","Reviews & References.","21","Indexable",""
"https://www.sofoservis.sk/en/international-moving-services","1","International Moving Services.","30","Indexable",""
"https://www.sofoservis.sk/en/privacy-policy","1","Personal Data Processing Policy and Data Protection System Under GDPR","69","Indexable",""
"https://www.sofoservis.sk/en/home-junk-removal","1","Home Junk Removal Services.","27","Indexable",""
"https://www.sofoservis.sk/en/moving","1","Moving Services.","16","Indexable",""
"https://www.sofoservis.sk/en/office-moving","1","Office & Business Moving Services.","34","Indexable",""
"https://www.sofoservis.sk/en/cookie-policy","1","Cookie Policy","13","Indexable",""
"https://www.sofoservis.sk/en/handyman-services","1","Handyman Services.","18","Indexable",""
"https://www.sofoservis.sk/en/construction-waste-removal","1","Construction Waste Removal & Disposal.","38","Indexable",""
"https://www.sofoservis.sk/en/property-land-junk-removal","1","Property & Land Junk Removal Services.","38","Indexable",""
"https://www.sofoservis.sk/en/contact","1","Contact.","8","Indexable",""
"https://www.sofoservis.sk/en/furniture-assembly","1","Furniture Assembly & Disassembly.","33","Indexable",""
"https://www.sofoservis.sk/en/apartment-moving","1","Apartment Moving Services.","26","Indexable",""
"https://www.sofoservis.sk/en/moving-senica","1","Moving Services in Senica.","26","Indexable",""
"https://www.sofoservis.sk/vypratavanie-bratislava","1","Vypratávanie Bratislava: Rýchlo a spoľahlivo.","45","Indexable",""
"https://www.sofoservis.sk/en/moving-to-budapest","1","Moving to Budapest from Slovakia.","33","Indexable",""
"https://www.sofoservis.sk/en/moving-to-frankfurt","1","Moving to Frankfurt from Slovakia.","34","Indexable",""
"https://www.sofoservis.sk/en/moving-to-stockholm","1","Moving to Stockholm from Slovakia.","34","Indexable",""
"https://www.sofoservis.sk/en/moving-from-slovakia-to-france","1","Moving from Slovakia to France.","31","Indexable",""
"https://www.sofoservis.sk/en/moving-to-warsaw","1","Moving to Warsaw from Slovakia.","31","Indexable",""
"https://www.sofoservis.sk/en/moving-to-rome","1","Moving to Rome from Slovakia.","29","Indexable",""
"https://www.sofoservis.sk/en/moving-to-munich","1","Moving to Munich from Slovakia.","31","Indexable",""
"https://www.sofoservis.sk/en/moving-to-zurich","1","Moving to Zurich from Slovakia.","31","Indexable",""
"https://www.sofoservis.sk/en/moving-to-berlin","1","Moving to Berlin from Slovakia.","31","Indexable",""
"https://www.sofoservis.sk/en/moving-to-london","1","Moving to London from Slovakia.","31","Indexable",""
"https://www.sofoservis.sk/en/moving-from-slovakia-to-germany","1","Moving from Slovakia to Germany.","32","Indexable",""
"https://www.sofoservis.sk/en/moving-to-vienna","1","Moving to Vienna from Slovakia.","31","Indexable",""
"https://www.sofoservis.sk/en/moving-from-slovakia-to-uk","1","Moving from Slovakia to the UK.","31","Indexable",""
"https://www.sofoservis.sk/en/moving-from-slovakia-to-sweden","1","Moving from Slovakia to Sweden.","31","Indexable",""
"https://www.sofoservis.sk/en/moving-from-germany-to-slovakia","1","Moving from Germany to Slovakia.","32","Indexable",""
"https://www.sofoservis.sk/en/moving-to-hamburg","1","Moving to Hamburg from Slovakia.","32","Indexable",""
"https://www.sofoservis.sk/en/moving-to-barcelona","1","Moving to Barcelona from Slovakia.","34","Indexable",""
"https://www.sofoservis.sk/en/moving-to-brussels","1","Moving to Brussels from Slovakia.","33","Indexable",""
"https://www.sofoservis.sk/en/moving-from-netherlands-to-slovakia","1","Moving from the Netherlands to Slovakia.","40","Indexable",""
"https://www.sofoservis.sk/en/moving-from-slovakia-to-switzerland","1","Moving from Slovakia to Switzerland.","36","Indexable",""
"https://www.sofoservis.sk/en/moving-from-slovakia-to-netherlands","1","Moving from Slovakia to the Netherlands.","40","Indexable",""
"https://www.sofoservis.sk/en/moving-from-slovakia","1","Moving from Slovakia.","21","Indexable",""
"https://www.sofoservis.sk/en/moving-from-slovakia-to-austria","1","Moving from Slovakia to Austria.","32","Indexable",""
"https://www.sofoservis.sk/en/moving-from-slovakia-to-norway","1","Moving from Slovakia to Norway.","31","Indexable",""
"https://www.sofoservis.sk/en/moving-to-slovakia","1","Moving to Slovakia.","19","Indexable",""
"https://www.sofoservis.sk/en/moving-to-prague","1","Moving to Prague from Slovakia.","31","Indexable",""
"https://www.sofoservis.sk/en/moving-to-dublin","1","Moving to Dublin from Slovakia.","31","Indexable",""
"https://www.sofoservis.sk/en/moving-to-amsterdam","1","Moving to Amsterdam from Slovakia.","34","Indexable",""
"https://www.sofoservis.sk/en/moving-from-uk-to-slovakia","1","Moving from the UK to Slovakia.","31","Indexable",""
"https://www.sofoservis.sk/en/moving-from-france-to-slovakia","1","Moving from France to Slovakia.","31","Indexable",""
"https://www.sofoservis.sk/en/moving-from-slovakia-to-ireland","1","Moving from Slovakia to Ireland.","32","Indexable",""
"https://www.sofoservis.sk/en/moving-to-paris","1","Moving to Paris from Slovakia.","30","Indexable",""
"https://www.sofoservis.sk/en/moving-from-austria-to-slovakia","1","Moving from Austria to Slovakia.","32","Indexable",""
"https://www.sofoservis.sk/en/moving-from-usa-to-slovakia","1","Moving from the USA to Slovakia.","32","Indexable",""
"https://www.sofoservis.sk/en/safe-moving","1","Safe & Vault Moving Service.","28","Indexable",""
"https://www.sofoservis.sk/en/upright-piano-moving","1","Upright Piano Moving.","21","Indexable",""
"https://www.sofoservis.sk/en/machinery-moving","1","Industrial Machinery Moving.","28","Indexable",""
"https://www.sofoservis.sk/en/piano-moving","1","Piano Moving Service.","21","Indexable",""
"https://www.sofoservis.sk/en/office-clearance","1","Professional Office Clearance Services.","39","Indexable",""
"https://www.sofoservis.sk/en/post-renovation-clearance","1","Post-Renovation Clearance Services.","35","Indexable",""
"https://www.sofoservis.sk/en/cottage-clearance","1","Cottage & Rural Property Clearance.","35","Indexable",""
"https://www.sofoservis.sk/en/estate-clearance-bereavement","1","Estate Clearance After Bereavement.","35","Indexable",""
"https://www.sofoservis.sk/en/home-clearance-bratislava","1","Home Clearance Services in Bratislava.","38","Indexable",""
"https://www.sofoservis.sk/en/furniture-assembly-bratislava","1","Furniture Assembly in Bratislava.","33","Indexable",""
"https://www.sofoservis.sk/buracie-demolacne-prace/trnava","1","Búracie práce Trnava.","21","Indexable",""
"https://www.sofoservis.sk/buracie-demolacne-prace/pezinok","1","Búracie práce Pezinok.","22","Indexable",""
"https://www.sofoservis.sk/buracie-demolacne-prace/nitra","1","Búracie práce Nitra.","20","Indexable",""
"https://www.sofoservis.sk/stahovanie-pianina","1","Sťahovanie pianína.","19","Indexable",""
"https://www.sofoservis.sk/en/handyman-piestany","1","Handyman Services in Piešťany.","30","Indexable",""
"https://www.sofoservis.sk/en/handyman-bratislava","1","Handyman Services in Bratislava.","32","Indexable",""
"https://www.sofoservis.sk/en/handyman-nitra","1","Handyman Services in Nitra.","27","Indexable",""
"https://www.sofoservis.sk/en/handyman-galanta","1","Handyman Services in Galanta.","29","Indexable",""
"https://www.sofoservis.sk/en/handyman-sala","1","Handyman Services in Šaľa.","26","Indexable",""
"https://www.sofoservis.sk/en/old-furniture-removal-bratislava","1","Old Furniture Removal in Bratislava.","36","Indexable",""
"https://www.sofoservis.sk/en/handyman-trnava","1","Handyman Services in Trnava.","28","Indexable",""
"https://www.sofoservis.sk/en/handyman-levice","1","Handyman Services in Levice.","28","Indexable",""
"https://www.sofoservis.sk/en/construction-waste-removal-nitra","1","Construction Waste Removal in Nitra.","36","Indexable",""
"https://www.sofoservis.sk/en/construction-waste-removal-trnava","1","Construction Waste Removal in Trnava.","37","Indexable",""
"https://www.sofoservis.sk/en/construction-waste-removal-senica","1","Construction Waste Removal in Senica.","37","Indexable",""
"https://www.sofoservis.sk/en/construction-waste-removal-hlohovec","1","Construction Waste Removal in Hlohovec.","39","Indexable",""
"https://www.sofoservis.sk/en/construction-waste-removal-galanta","1","Construction Waste Removal in Galanta.","38","Indexable",""
"https://www.sofoservis.sk/buracie-demolacne-prace/bratislava","1","Búracie práce Bratislava.","25","Indexable",""
"https://www.sofoservis.sk/en/construction-waste-removal-senec","1","Construction Waste Removal in Senec.","36","Indexable",""
"https://www.sofoservis.sk/en/construction-waste-removal-bratislava","1","Construction Waste Removal in Bratislava.","41","Indexable",""
"https://www.sofoservis.sk/stahovanie-z-francuzska-na-slovensko","1","Sťahovanie z Francúzska na Slovensko.","37","Indexable",""
"https://www.sofoservis.sk/stahovanie-z-rakuska-na-slovensko","1","Sťahovanie z Rakúska na Slovensko.","34","Indexable",""
"https://www.sofoservis.sk/stahovanie-z-holandska-na-slovensko","1","Sťahovanie z Holandska na Slovensko.","36","Indexable",""
"https://www.sofoservis.sk/stahovanie-z-nemecka-na-slovensko","1","Sťahovanie z Nemecka na Slovensko.","34","Indexable",""
"https://www.sofoservis.sk/stahovanie-z-anglie-na-slovensko","1","Sťahovanie z Anglicka na Slovensko.","35","Indexable",""
"https://www.sofoservis.sk/stahovanie-z-usa-na-slovensko","1","Sťahovanie z USA na Slovensko.","30","Indexable",""
