"Address","Occurrences","Title 1","Title 1 Length","Title 1 Pixel Width","Indexability","Indexability Status"
"https://www.sofoservis.sk/vypratavanie-pivnic-garazi-nebytovych-priestorov","1","Vypratávanie pivníc, garáži a nebytových priestorov | Sofoservis","64","563","Indexable",""
"https://www.sofoservis.sk/medzinarodne-stahovanie/holandsko","1","Sťahovanie do Holandska (Nizozemska) zo Slovenska | Sofoservis","62","586","Indexable",""
"https://www.sofoservis.sk/stahovanie-na-slovensko","1","Sťahovanie na Slovensko — Medzinárodné sťahovanie | Sofoservis","62","588","Indexable",""
"https://www.sofoservis.sk/vypratavanie-pozostalosti","1","Vypratávanie pozostalosti — po zosnulom diskrétne | Sofoservis","62","568","Indexable",""
"https://www.sofoservis.sk/vypratavanie-chalupy","1","Vypratávanie chalupy, chaty a záhradného domčeka | Sofoservis","61","569","Indexable",""
"https://www.sofoservis.sk/en/moving-senec","1","Moving Services Senec - Apartments, Houses & Offices | Sofoservis","65","599","Indexable",""
"https://www.sofoservis.sk/en/moving-nitra","1","Moving Services Nitra - Apartments, Houses & Offices | Sofoservis","65","588","Indexable",""
"https://www.sofoservis.sk/blog/vypratavanie-po-rekonstrukcii-odvoz-stavebneho-odpadu","1","Vypratávanie po rekonštrukcii — odvoz stavebného odpadu v Bratislave 2026 | Sofo Servis","87","797","Indexable",""
"https://www.sofoservis.sk/blog/kolko-stoji-stahovanie-bratislava-2026","1","Koľko stojí sťahovanie v Bratislave 2026 — ceny, faktory a tipy | Sofo Servis","77","662","Indexable",""
"https://www.sofoservis.sk/blog/vypratavanie-bytov-pezinok","1","Vypratávanie bytov Pezinok — kompletné upratanie a odvoz odpadu | Sofo Servis","77","718","Indexable",""
"https://www.sofoservis.sk/blog/ako-si-vybrat-stahovaciu-firmu-10-kriterii","1","Ako si vybrať sťahovaciu firmu — 10 kritérií, ktoré rozhodnú | Sofo Servis","74","638","Indexable",""
"https://www.sofoservis.sk/blog/medzinarodne-stahovanie-slovensko-2026","1","Medzinárodné sťahovanie zo Slovenska a na Slovensko 2026 — kompletný sprievodca | Sofo Servis","93","877","Indexable",""
"https://www.sofoservis.sk/blog/stahovanie-v-zime-vyhody-vyzvy","1","Sťahovanie v zime — výhody, výzvy a ako sa pripraviť | Sofo Servis","66","582","Indexable",""
"https://www.sofoservis.sk/blog/vypratavanie-bytov-malacky","1","Vypratávanie bytov Malacky — rýchly odvoz odpadu a nábytku | Sofo Servis","72","661","Indexable",""
"https://www.sofoservis.sk/blog/stahovanie-seniorov-starsich-osob","1","Sťahovanie seniorov — ako bezpečne a pohodlne presťahovať staršiu osobu | Sofo Servis","85","786","Indexable",""
"https://www.sofoservis.sk/blog/prenajom-stahovacieho-auta-vs-firma","1","Prenájom sťahovacieho auta vs. profesionálna firma — čo sa oplatí viac | Sofo Servis","84","751","Indexable",""
"https://www.sofoservis.sk/blog/ako-sa-pripravit-na-stahovanie-checklist","1","Ako sa pripraviť na sťahovanie 2026 — kompletný checklist krok za krokom | Sofo Servis","86","778","Indexable",""
"https://www.sofoservis.sk/blog/stahovanie-s-domacimi-zvieratami","1","Sťahovanie s domácimi zvieratami — ako minimalizovať stres pre vás aj miláčika | Sofo Servis","92","836","Indexable",""
"https://www.sofoservis.sk/blog/vypratavanie-po-sezonnom-uskladneni-bratislava","1","Vypratávanie po sezónnom uskladnení v Bratislave — ako sa zbaviť nepotrebného | Sofo Servis","91","840","Indexable",""
"https://www.sofoservis.sk/blog/montaz-nabytku-ikea-cena","1","Montáž nábytku IKEA v roku 2026 — koľko stojí a prečo sa oplatí odborník | Sofo Servis","86","764","Indexable",""
"https://www.sofoservis.sk/blog/ako-spravne-zabalit-byt-na-stahovanie","1","Ako správne zbaliť byt na sťahovanie — materiál a tipy 2026 | Sofo Servis","73","645","Indexable",""
"https://www.sofoservis.sk/blog/odovzdanie-bytu-po-najme-checklist","1","Odovzdanie bytu po nájme — kompletný checklist a tipy pred odchodom | Sofo Servis","81","752","Indexable",""
"https://www.sofoservis.sk/blog/vypratavanie-bytu-cena-2026","1","Vypratávanie bytu v roku 2026 — čo ovplyvňuje cenu a ako ušetriť | Sofo Servis","78","694","Indexable",""
"https://www.sofoservis.sk/blog/kolko-stoji-vypratavanie-bytu-bratislava-2026","1","Koľko stojí vypratávanie bytu v Bratislave 2026 — prehľad cien a čo ich ovplyvňuje | Sofo Servis","96","838","Indexable",""
"https://www.sofoservis.sk/blog/vypratavanie-bytov-senec","1","Vypratávanie bytov Senec — odvoz odpadu bez starostí | Sofo Servis","66","606","Indexable",""
"https://www.sofoservis.sk/blog/vypratavanie-pivnic-skladov-bratislava","1","Vypratávanie pivníc a skladov v Bratislave — rýchlo, čisto a bez starostí | Sofo Servis","87","745","Indexable",""
"https://www.sofoservis.sk/blog/vypratavanie-po-zosnulom","1","Vypratávanie po zosnulom — citlivý sprievodca celým procesom | Sofo Servis","74","683","Indexable",""
"https://www.sofoservis.sk/blog/stahovanie-klavira-tazkych-predmetov","1","Sťahovanie klavíra a ťažkých predmetov — čo treba vedieť pred objednaním | Sofo Servis","86","785","Indexable",""
"https://www.sofoservis.sk/blog/stahovanie-kancelarie-ako-minimalizovat-prestoj","1","Sťahovanie kancelárie 2026 — ako minimalizovať prestoj a ochrániť vybavenie | Sofo Servis","89","807","Indexable",""
"https://www.sofoservis.sk/blog/hodinovy-manzel-sluzby-cena","1","Hodinový manžel — čo všetko vyrieši a koľko stojí v 2026 | Sofo Servis","70","618","Indexable",""
"https://www.sofoservis.sk/en/moving-sala","1","Moving Services Šaľa - Apartments, Houses & Offices | Sofoservis","64","584","Indexable",""
"https://www.sofoservis.sk/stahovanie-petrzalka","1","Sťahovanie Petržalka - byty, panelové domy, nábytok | Sofoservis","64","574","Indexable",""
"https://www.sofoservis.sk/en/wall-demolition","1","Wall & Partition Demolition in Homes and Apartments | Sofoservis","64","588","Indexable",""
"https://www.sofoservis.sk/en/home-junk-removal","1","Home Junk Removal Services - Apartments & Houses | Sofoservis","61","586","Indexable",""
"https://www.sofoservis.sk/en/handyman-services","1","Handyman Services - Repairs, Assembly & Maintenance | Sofoservis","64","603","Indexable",""
"https://www.sofoservis.sk/en/moving-from-uk-to-slovakia","1","Moving from UK to Slovakia — International Removals | Sofoservis","64","588","Indexable",""
"https://www.sofoservis.sk/en/piano-moving","1","Piano Moving Service — Upright Piano & Grand Piano | Sofoservis","63","580","Indexable",""
