Top queries,Clicks,Impressions,CTR,Position
sofoservis,57,348,16.38%,1.04
stahovanie bratislava,27,4131,0.65%,3.38
odvoz stavebného odpadu nitra,26,125,20.8%,5.04
sofoservis sťahovan,25,4887,0.51%,1
sofo servis,22,120,18.33%,1.01
prenajom kontajnera na odpad cena nitra,17,241,7.05%,6.13
stahovanie,14,2008,0.7%,5.75
vyburanie otvoru v nosnej stene cena,14,84,16.67%,3.95
hodinový manžel levice,13,79,16.46%,4.28
hodinový manžel galanta,12,69,17.39%,3.23
hodinový manžel bratislava,10,1008,0.99%,9.3
sťahovanie,10,746,1.34%,5.8
hodinový manžel trnava,10,216,4.63%,6.4
hodinový manžel nitra,9,288,3.12%,6.35
hodinovy manzel piestany,9,97,9.28%,4.82
hodinový manžel,8,1447,0.55%,9.34
sťahovanie bratislava,8,1371,0.58%,5.92
hodinovy manzel,8,1138,0.7%,10.03
kontajner na odpad nitra,7,154,4.55%,7.34
vypratavanie pozemkov,7,124,5.65%,7.86
hodinovy manzel nitra,7,118,5.93%,5.97
vypratavanie pivnic,5,694,0.72%,10.85
vypratavanie bratislava,5,617,0.81%,13.57
montáž nábytku bratislava,5,370,1.35%,7.54
montaz nabytku,5,313,1.6%,11.95
stahovanie bratislava recenzie,5,127,3.94%,8.11
ponukam montaz nabytku,5,110,4.55%,6.59
sofo,5,100,5%,2.04
stahovacia sluzba bratislava,4,637,0.63%,6.46
stahovanie nabytku,4,459,0.87%,13.1
odvoz stavebného odpadu trnava,4,117,3.42%,6.91
vypratanie pozemku,4,78,5.13%,7.22
vypratavanie domov,3,639,0.47%,8.38
odvoz starého nábytku,3,571,0.53%,10.92
stahovanie nabytku bratislava,3,478,0.63%,5.6
sťahovanie senica,3,294,1.02%,4.49
odvoz stavebného odpadu,3,275,1.09%,11.69
stahovanie bratislava cennik,3,223,1.35%,16.69
vypratavanie,3,211,1.42%,7.56
objednat kontajner na odpad hlohovec,3,165,1.82%,5.79
kontajner na odpad trnava,3,101,2.97%,7.27
najlacnejšie kontajnery trnava,3,49,6.12%,7.8
stahovacia sluzba,2,793,0.25%,11.36
vypratanie bytu bratislava,2,308,0.65%,15.99
montáž nábytku,2,302,0.66%,9.04
stahovacia firma bratislava,2,291,0.69%,6.88
sťahovanie komárno,2,288,0.69%,10.56
odvoz stavebneho odpadu,2,277,0.72%,26.71
stahovanie trnava,2,221,0.9%,11.76
likvidácia stavebného odpadu,2,194,1.03%,19.04
hodinový manžel bratislava ružinov,2,130,1.54%,6.55
kontajnery na odpad trnava,2,125,1.6%,8.36
odvoz stavebného odpadu cena,2,116,1.72%,19.23
hodinovy manzel trnava,2,114,1.75%,5.88
domáci majster bratislava,2,100,2%,9
odvoz odpadu nitra,2,93,2.15%,14.19
búracie práce bratislava,2,89,2.25%,12.11
stahovanie komarno,2,71,2.82%,10.42
odvoz stavebného odpadu senec,2,69,2.9%,4.38
buranie nosnej steny v byte,2,55,3.64%,5.02
hodinový manžel piešťany,2,53,3.77%,6.49
hodinovy manzel cena,2,33,6.06%,10.76
buranie nosnej steny,2,31,6.45%,5.9
stahovanie v bratislave,2,30,6.67%,3.1
hodinovy manzel levice,2,20,10%,3.9
kontajner na stavebny odpad bratislava,2,14,14.29%,16.79
stavebny odpad nitra,2,13,15.38%,8
búracie práce,2,7,28.57%,9
oprava pračiek trnava,2,5,40%,2.6
odvoz nabytku bratislava,1,777,0.13%,7.81
vypratávanie bytov bratislava,1,593,0.17%,13.38
odvoz starého nábytku bratislava,1,530,0.19%,10.68
odvoz nabytku,1,508,0.2%,4.35
odvoz nábytku bratislava,1,394,0.25%,11.18
vypratávanie pivníc bratislava,1,333,0.3%,10.26
sťahovanie nábytku bratislava,1,314,0.32%,5.76
sťahovanie levice,1,302,0.33%,7.06
sťahovanie nábytku,1,279,0.36%,16.62
vypratavanie pivnic cena,1,253,0.4%,14.43
hodinovy manzel bratislava,1,232,0.43%,9.69
vypratanie pivnice,1,228,0.44%,17.94
stahovanie bytu,1,210,0.48%,25.79
montaz nabytku bratislava,1,198,0.51%,8.79
buracie prace bratislava,1,181,0.55%,8.75
stahovanie zo slovenska do ceska,1,169,0.59%,13.91
hodinovy manzel cennik,1,166,0.6%,7.33
hodinovy manžel bratislava,1,159,0.63%,11.63
hodinovy majster,1,157,0.64%,14.62
kontajner na stavebny odpad trnava,1,155,0.65%,5.81
vypratanie bytu,1,155,0.65%,12.48
likvidácia nebezpečného odpadu,1,139,0.72%,15.7
odvoz starej sedacky,1,131,0.76%,8.65
odvoz nábytku zdarma,1,130,0.77%,3.57
medzinárodné sťahovanie,1,90,1.11%,7.68
odvoz a likvidácia nebezpečného odpadu,1,85,1.18%,19.34
skladanie nabytku bratislava,1,81,1.23%,9.16
likvidacia nebezpecneho odpadu,1,77,1.3%,21.64
stahovanie levice,1,75,1.33%,8.81
kontajner na stavebny odpad hlohovec,1,71,1.41%,6.93
skladanie nabytku,1,70,1.43%,4.29
skladanie nabytku cena,1,66,1.52%,9.14
odvoz starého nábytku petržalka,1,65,1.54%,10.88
sťahovacia služba bratislava,1,64,1.56%,5.03
hodinovy manzel cennik bratislava,1,63,1.59%,7.59
odvoz odpadu,1,59,1.69%,12.83
vyburanie otvoru v nosnej stene,1,52,1.92%,4.17
buranie nosnej steny v dome,1,52,1.92%,4.42
buranie starych domov,1,50,2%,9.58
majster na hodinu,1,47,2.13%,9.62
stahovanie senica,1,46,2.17%,4.59
búranie starých domov,1,46,2.17%,12.72
buracie prace nitra,1,41,2.44%,7.9
likvidácia nebezpečného odpadu cena,1,41,2.44%,19.8
hodinový manžel šaľa,1,37,2.7%,7
odvoz nebezpečného odpadu,1,37,2.7%,17.68
búracie práce nitra,1,36,2.78%,6.61
preprava nabytku slovensko,1,36,2.78%,15.17
hodinový manžel bratislava dubravka,1,34,2.94%,4.06
vynáška nábytku cena,1,31,3.23%,9.26
buranie priecky v byte,1,30,3.33%,11.67
montovanie nabytku,1,29,3.45%,11.38
zber stavebneho odpadu,1,26,3.85%,10.19
odvoz a likvidácia odpadu trnava,1,24,4.17%,7.46
demolačné práce,1,23,4.35%,8.09
montáž kuchynskej linky cena,1,23,4.35%,13.04
otvor do nosnej steny,1,19,5.26%,9.84
vynesenie nabytku,1,18,5.56%,5.44
hodinovy byt trnava,1,16,6.25%,9.88
upratovanie pivnice,1,16,6.25%,12.81
montáž kuchynskej linky,1,16,6.25%,13.12
umzugsfirma bratislava,1,11,9.09%,1.09
odvoz odpadu hlohovec,1,11,9.09%,14.73
skladka odpadu bratislava,1,9,11.11%,6.67
asko montáž nábytku cena,1,7,14.29%,10
odvoz nabytku zilina,1,7,14.29%,13.14
buranie steny v byte,1,6,16.67%,2
prevoz klavira,1,5,20%,8.4
moving furniture,1,3,33.33%,25.67
cena hodinový manžel,1,2,50%,6
asko montáž nábytku,1,2,50%,6.5
aka je cena,1,1,100%,1
sofa service,1,1,100%,2
v ba,1,1,100%,2
stahovacia sluzba -plusim,0,2619,0%,8.95
stahovanie bratislava -plusim,0,2323,0%,9.62
ekologická likvidácia odpadov,0,2157,0%,9.73
moving company,0,1889,0%,6.18
stahovanie -plus,0,1875,0%,5.92
bratislava stahovanie,0,1792,0%,1.84
stahovanie bytov bratislava -plus,0,1118,0%,11.28
stahovanie -plusim,0,797,0%,7.38
stahovanie bytov bratislava -plusim,0,684,0%,12.46
sťahovanie bytov bratislava,0,553,0%,5
sťahovacie služby bratislava,0,539,0%,7.1
vypratávanie,0,531,0%,7.59
stahovanie bytov bratislava,0,500,0%,8.88
likvidacia nabytku,0,488,0%,3.08
stahovacie sluzby bratislava,0,466,0%,8.73
likvidacia nabytku bratislava,0,431,0%,10.08
stahovanie kancelarii,0,413,0%,16.09
stahovanie bytov,0,411,0%,17.49
vypratavanie bytov bratislava,0,399,0%,17.21
stahovanie firiem bratislava,0,395,0%,7.79
vypratávanie starých domov,0,384,0%,12.03
vypratavanie nabytku bratislava,0,366,0%,11.53
stahovanie bytu bratislava,0,353,0%,8.67
odvoz stareho nabytku bratislava,0,347,0%,12.9
vypratavanie pivnic bratislava,0,332,0%,15.29
vypratávanie bytov,0,326,0%,12.33
8 sitzer transport bratislava,0,326,0%,13.29
buranie priecky,0,303,0%,5.02
preprava nábytku bratislava,0,301,0%,9.28
vypratávanie pivníc,0,292,0%,7.03
sťahovanie trnava,0,289,0%,11.84
vypratavanie bytov,0,289,0%,12.63
odvoz stavebného odpadu bratislava,0,288,0%,17.59
odvoz stareho nabytku,0,281,0%,15.87
sťahovanie firiem bratislava,0,274,0%,12.16
vypratávanie domov,0,250,0%,9.44
stahovanie firiem,0,250,0%,18.32
stahovacia firma,0,247,0%,20.31
sťahovanie nabytku,0,246,0%,4.27
sťahovanie kancelárskych priestorov,0,244,0%,15.09
sťahovanie v bratislave,0,243,0%,10.11
sťahovanie galanta,0,236,0%,7.4
stahovanie domacnosti,0,236,0%,18.43
sťahovanie pezinok,0,230,0%,10.5
sťahovacie služby,0,229,0%,8.63
sťahovanie malacky,0,229,0%,12.57
sťahovanie kancelárií,0,229,0%,19.1
likvidácia starého nábytku bratislava,0,225,0%,15.41
vypratavanie a odvoz odpadu,0,224,0%,11.51
vypratavanie nabytku,0,223,0%,13.16
vypratavanie stareho nabytku,0,210,0%,13.2
hodinový manžel cena,0,200,0%,16.35
buranie domov,0,199,0%,25.52
stahovanie cennik,0,199,0%,27.76
prenajom kontajnera na odpad trnava,0,197,0%,10
odvoz stavebneho odpadu bratislava,0,197,0%,18.91
sťahovanie hlohovec,0,196,0%,12.23
kolko stoji stahovanie,0,196,0%,17.54
stahovacia sluzba cennik,0,195,0%,26.95
sťahovanie klavírov bratislava,0,194,0%,10.43
vypratávanie pivnic bratislava,0,194,0%,15.12
montaz kuchyne,0,192,0%,16.77
sťahovanie nitra,0,191,0%,19.72
likvidácia nábytku bratislava,0,183,0%,15.24
stahovanie do madarska,0,183,0%,17.19
stahovanie domu do madarska,0,180,0%,18.03
buranie,0,180,0%,23.99
stahovanie cena,0,178,0%,32.04
stahovanie cena za km,0,170,0%,30.55
stahovka,0,168,0%,7.32
odvoz nábytku,0,155,0%,7.75
sťahovanie serverov,0,153,0%,3.31
odvoz stavebnej sute,0,152,0%,13.93
medzinarodne stahovanie,0,151,0%,7.85
hodinovy manžel,0,148,0%,14.13
preprava nábytku,0,145,0%,12.94
sťahovanie skalica,0,142,0%,39.18
sťahovanie senec,0,141,0%,42.06
stahovanie do cr,0,140,0%,13.12
office relocation,0,140,0%,14.91
hodinovy majster bratislava,0,136,0%,10.51
likvidácia elektroniky,0,135,0%,14.23
búranie domu,0,135,0%,56.32
stahovanie do ceska,0,132,0%,9.53
prevoz nabytku bratislava,0,130,0%,17.92
skladanie nábytku,0,128,0%,14.09
likvidacia stavebnej sute,0,126,0%,14.81
preprava nabytku,0,125,0%,8.1
vypratavanie bytu,0,125,0%,12.79
odvoz sute,0,125,0%,14.92
stahovka sr cr,0,124,0%,5.49
vypratavanie priestorov,0,124,0%,9.07
prevoz nabytku,0,123,0%,10.39
sťahovanie trezorov bratislava,0,122,0%,13.36
sťahovanie kancelárií bratislava,0,122,0%,20.86
stahovacie sluzby,0,118,0%,6.87
stahovanie ba,0,116,0%,11.22
furniture removals,0,109,0%,15.48
drobné opravy bratislava,0,106,0%,16.01
likvidacia stavebneho odpadu,0,103,0%,19.83
stahovanie pezinok,0,102,0%,10.28
preprava a sťahovanie bratislava,0,102,0%,12.12
stahovanie sr madarsko,0,102,0%,16.36
stahovka sr madarsko,0,101,0%,6.4
removal company slovakia,0,101,0%,25.21
stahovanie malacky,0,100,0%,13.05
odvoz sute cena,0,97,0%,19.37
sťahovacia služba,0,96,0%,10.49
preprava bratislava,0,96,0%,22.71
stahovacie firmy bratislava,0,94,0%,7.39
hodinovy manzel petrzalka,0,93,0%,8.81
office move,0,91,0%,30.68
opravy v domacnosti bratislava,0,89,0%,9.98
stahovanie do prahy,0,89,0%,34.03
búranie domu cena,0,86,0%,32.4
odvoz šute,0,84,0%,12.42
vypratanie domu,0,81,0%,12.04
škatule na sťahovanie,0,79,0%,10.1
vypratanie bytu po zosnulom,0,79,0%,13.73
likvidacia stareho nabytku,0,79,0%,16.67
removals to slovakia,0,79,0%,35.47
odvoz starého nábytku bratislava cena,0,78,0%,7.68
vyvoz stavebneho odpadu,0,78,0%,17.44
sťahovanie bytov,0,77,0%,11.65
likvidácia stavebného odpadu cena,0,76,0%,24.01
odvoz nepotrebneho nabytku,0,75,0%,12.92
stahovacie auto,0,74,0%,8.58
sťahovanie do zahraničia,0,74,0%,10.62
buranie stareho domu,0,73,0%,54.67
hodinový manzel,0,72,0%,7.57
šikovný manžel bratislava,0,70,0%,13.11
odvoz a likvidacia nabytku,0,70,0%,14.09
sťahovanie firiem,0,70,0%,17
stahovanie galanta,0,69,0%,7.67
hodinový manžel stupava,0,69,0%,16.36
stahovanie klavirov,0,69,0%,18.17
sťahovanie šaľa,0,69,0%,50.23
stahovanie domov,0,68,0%,12.74
lacne stahovanie kosice,0,67,0%,44.88
stahovacie firmy,0,65,0%,10.15
stahovanie do zahranicia,0,65,0%,10.42
sute,0,65,0%,11.29
stahovanie nitra,0,65,0%,20.03
stahovanie zo zahranicia na slovensko,0,64,0%,9.3
odvoz sutiny cena,0,64,0%,20.75
hodinový manžel bratislava petržalka,0,63,0%,9
stahovacie sluzby cennik,0,63,0%,15.89
stahovaci,0,62,0%,2.63
moving company near me,0,62,0%,51.9
servis/montáž,0,61,0%,13.66
demolácie domov,0,60,0%,10.6
vyčistenie pozemku,0,60,0%,13.3
lacne stahovanie bratislava,0,60,0%,14.5
vývoz stavebného odpadu,0,60,0%,14.97
stahovanie vypratavanie,0,59,0%,4.49
likvidacia nebezpecnych odpadov,0,59,0%,24.34
domáci majster devínska nová ves,0,57,0%,20.74
kuchynské batérie,0,57,0%,25.21
preprava nabytku trnava,0,56,0%,8.45
stahovanie hlohovec,0,56,0%,10.91
vypratavanie domov po starych rodicoch,0,56,0%,17.16
cena odvozu stavebneho odpadu,0,56,0%,21.8
house removals,0,55,0%,49.36
hodinový majster nitra,0,54,0%,7.33
vypratanie bytu cena,0,54,0%,11.61
stahovanie nabytku cennik,0,53,0%,17.98
moving companies,0,52,0%,3.12
stahovania,0,50,0%,5.04
sťahovanie sedacej súpravy bratislava,0,50,0%,9.34
moving,0,49,0%,7.37
stavebný odpad nitra,0,49,0%,8.61
kontajner trnava cena,0,49,0%,9.37
najlacnejšie sťahovanie v bratislave,0,49,0%,12.33
pohovka,0,49,0%,22.76
odvoz stavebného odpadu nitra cena,0,48,0%,5.54
sťahovanie slovensko,0,48,0%,11.69
stahovanie bytov trnava,0,48,0%,13.73
likvidácia odpadu bratislava,0,48,0%,25.35
international moving,0,47,0%,2.11
vypratávanie pivníc odvoz starého nábytku bratislava,0,47,0%,17.77
demolacia domu,0,47,0%,19.68
odvoz stavebného odpadu hlohovec,0,46,0%,9.09
demolácie budov,0,46,0%,16.76
sťahovanie piešťany,0,46,0%,22.2
odvoz stavebneho odpadu cena,0,46,0%,23.85
stahovanie z madarska,0,45,0%,4.56
stahovanie firmy,0,45,0%,11.51
piano moving company,0,44,0%,4.95
odvoz odpadu trnava,0,44,0%,12.98
odvoz odpadu galanta,0,43,0%,9.86
doprava nabytku,0,43,0%,14.65
profi sťahovanie,0,42,0%,4.05
stahovanie preprava,0,42,0%,11.21
najlacnejsie stahovanie bratislava,0,42,0%,12.5
buranie starych domov cena,0,42,0%,16.4
odvoz odpadu senec,0,42,0%,18.5
stahovanie tazkych bremien,0,42,0%,19.76
removals,0,42,0%,60.31
stahovacie krabice,0,41,0%,15.32
odvoz starého nábytku nitra,0,41,0%,20.07
autodoprava,0,40,0%,8.15
buranie priecky v dome,0,40,0%,9.32
stahovacia sluzba trnava,0,40,0%,12.68
montaze nabytku,0,40,0%,16.75
kuchynské skrinky,0,40,0%,23.32
buracie prace pezinok,0,39,0%,6.87
likvidacia odpadu trnava,0,39,0%,10.97
sťahovanie bratislava cena,0,39,0%,12.64
sťahovacie firmy,0,39,0%,13.38
drobné opravy v bytoch bratislava,0,39,0%,14.33
odveziem stary nabytok,0,39,0%,21.92
stěhování z prahy do bratislavy,0,39,0%,23.74
vyvoz stavebneho odpadu cena,0,39,0%,25.13
likvidacia odpadu,0,39,0%,52.08
montaz,0,38,0%,15.11
odpad,0,38,0%,19.79
sťahovanie bratislava lacno,0,38,0%,21.37
buranie steny,0,37,0%,4.51
odvoz stavebného odpadu galanta,0,37,0%,6
odvoz sedacky bratislava,0,37,0%,7.49
montáž a servis,0,37,0%,11.14
stahovanie nabytku trnava,0,37,0%,14.62
sťahovacia služba trnava,0,37,0%,17.08
stahovacie auto bratislava,0,36,0%,8.53
domaci majster bratislava,0,36,0%,13.61
vypratavanie bytov a domov,0,36,0%,13.83
demolácie stavieb,0,36,0%,15.53
odvoz stavební suti,0,36,0%,18.03
hodinový manžel recenzie,0,35,0%,7.11
prestahovanie do ceska,0,35,0%,12.23
stavebný odpad bratislava,0,35,0%,21.43
commercial moving company,0,35,0%,36.86
sťahovania,0,34,0%,2.94
autodoprava stahovanie,0,33,0%,3.85
cistenie nabytku,0,33,0%,5.67
buranie casti domu,0,33,0%,13.52
odvoz odpadu bratislava,0,33,0%,14.36
montaz nabytku cennik,0,33,0%,15.64
vykup stavebneho odpadu,0,33,0%,15.7
opravy v domacnosti,0,33,0%,22.03
stahovanie autodoprava,0,32,0%,1.25
demontáž nábytku,0,32,0%,5.28
odvoz stavebného odpadu cena trnava,0,32,0%,7.28
buranie nosnej steny v dome cena,0,32,0%,12.09
búracie práce domu cena,0,32,0%,16.5
demolácia domu cena,0,32,0%,20.19
stahovanie z kosic do prahy,0,32,0%,31.47
demolicia,0,31,0%,5.58
búranie nosnej steny,0,31,0%,7.26
búranie nenosných priečok,0,31,0%,8.87
likvidacia stareho nabytku bratislava,0,31,0%,15.9
stahovacia sluzba nitra,0,31,0%,24.23
domáci majster,0,31,0%,27.06
cistenie pozemkov cennik,0,31,0%,27.45
profi stahovanie,0,30,0%,5.5
hodinový majster bratislava,0,30,0%,8.47
sťahovacie,0,30,0%,10.07
dopravné služby,0,30,0%,20.2
cena za odvoz stavebneho odpadu,0,30,0%,23.17
stahovanie slovensko,0,29,0%,9.66
hodinový manžel montáž nábytku,0,29,0%,12.14
sťahovacie služby nitra,0,29,0%,15.07
sťahovanie cena,0,29,0%,18.17
warehouse removal,0,29,0%,21.17
stahovanie kancelarii najlepšie hodnotené,0,28,0%,3.04
montáž garniže bratislava,0,28,0%,12.79
buranie priecky v panelaku cena,0,28,0%,15.57
lacne stahovanie,0,28,0%,16.04
autodoprava sťahovanie,0,27,0%,3.22
preprava stahovanie,0,27,0%,12.74
hodinový majster,0,26,0%,5.73
buracie prace,0,26,0%,8.88
sťahovanie trezorov,0,26,0%,10.58
montáže nábytku,0,26,0%,12.58
buranie priecky v panelaku,0,26,0%,14.65
male stahovanie,0,26,0%,17.38
stahovanie košice,0,26,0%,29.77
odvoz a likvidácia odpadu nitra,0,25,0%,8.32
sťahovanie nábytku nitra,0,25,0%,14.4
stahovanie nabytku nitra,0,25,0%,19.56
hodinový manžel ceník,0,24,0%,4.5
odvoz nabytku na skladku,0,24,0%,21.67
búranie priečky v byte,0,23,0%,8.83
odvoz,0,23,0%,11.91
prepravné spoločnosti bratislava,0,23,0%,16.35
sťahovanie ťažkých bremien,0,23,0%,19.26
preprava a sťahovanie,0,23,0%,20.83
piano moving company near me,0,22,0%,3.32
stahovanie kancelarii -plus,0,22,0%,9.91
medzinárodné služby,0,22,0%,14.64
odvoz stavebného odpadu bratislava cena,0,22,0%,23.09
odvoz odpadu bratislava cena,0,22,0%,39.73
vypratanie,0,21,0%,10.86
demolacne prace,0,21,0%,12.19
kontajnery trnava,0,21,0%,12.86
kolko stoji búranie domu,0,21,0%,19.48
kontajner na sut bratislava,0,21,0%,19.48
stahovanie senec,0,21,0%,20.33
cistenie pozemkov cena,0,21,0%,20.48
stahovaci bratislava,0,20,0%,6.25
kontajner na stavebny odpad,0,20,0%,6.95
buranie rodinneho domu cena,0,20,0%,15.1
stahovanie trnava cennik,0,20,0%,17.25
doprava nábytku,0,20,0%,17.35
kontajner na suť,0,20,0%,20
domáci majster stupava,0,20,0%,27.25
montáž stolou a skrinky,0,19,0%,10.37
kontajner nitra,0,19,0%,10.89
sťahovacie auto,0,19,0%,11.95
montáže kuchýň,0,19,0%,13.37
hodinovy manzel prace,0,19,0%,15.16
montaz kuchynskej linky,0,19,0%,15.42
stahovanie bratislava dodavka,0,19,0%,15.42
odvoz nábytku na skládku,0,19,0%,17.26
domaci majster trnava,0,19,0%,17.63
removalists,0,19,0%,26.84
osadenie prekladu do nosnej steny,0,19,0%,27.47
priemyselné sťahovanie,0,19,0%,29.11
montaz listy na kuchynsku linku,0,19,0%,63.37
sťahovanie klavíra,0,18,0%,24.89
skladovacie služby,0,18,0%,28.89
sťahovanie dunajská streda,0,18,0%,46
oprava ba,0,18,0%,81.56
hodinovy,0,17,0%,4.76
stahovanie do brna,0,17,0%,5.53
kontajnery na odpad nitra,0,17,0%,12.94
preprava do anglicka,0,17,0%,15.41
cena odvozu suti,0,17,0%,21.18
buranie priecky cena,0,17,0%,22
odvoz komunalneho odpadu trnava,0,17,0%,22.76
vypratávanie bytov košice,0,17,0%,28.76
sťahovanie domov,0,16,0%,8.44
hodinovy manzel sala,0,16,0%,9.69
lacné sťahovanie,0,16,0%,10.75
likvidácia odpadu nitra,0,16,0%,14.69
praca hodinovy manzel,0,16,0%,16.31
stahovanie piestany,0,16,0%,17.56
stahovanie nitra cena,0,16,0%,17.75
vypratavanie bytov cennik,0,15,0%,9.2
čistenie pozemkov bratislava,0,15,0%,14.6
hodinovy manzel skusenosti,0,15,0%,15
cistenie pozemku,0,15,0%,17.13
buracie prace cennik bratislava,0,15,0%,18.53
odvoz a likvidácia odpadu,0,15,0%,30.33
cena montáže nábytku,0,15,0%,32.4
moving services,0,14,0%,8.21
vytvorenie otvoru v nosnej stene,0,14,0%,11.79
international removals to slovakia,0,14,0%,13.21
montáž nábytku cena,0,14,0%,17
pristavenie kontajnera cena,0,14,0%,17.07
odvoz starého nábytku trnava,0,14,0%,25
vyroba krabic,0,14,0%,26.79
kolko stoji stahovacia sluzba,0,14,0%,30.14
buranie domu cena,0,14,0%,31.86
odvoz a likvidácia odpadu bratislava,0,14,0%,39.57
sof,0,13,0%,3
buranie nosnej priecky v dome,0,13,0%,5.31
hodinovymanzel,0,13,0%,10.92
cistenie pozemku cena,0,13,0%,11.38
najlacnejsie stahovanie,0,13,0%,18.23
otvor v nosnej stene,0,13,0%,18.77
osobná preprava,0,13,0%,21
nebezpečný odpad likvidácia,0,13,0%,23.46
male stahovanie bratislava,0,13,0%,23.54
montáž nábytku košice,0,13,0%,25.15
vypratanie nehnuteľnosti,0,13,0%,26.23
plumbing repair near me,0,12,0%,2.75
manzel,0,12,0%,5.33
stahovanie z anglicka na slovensko,0,12,0%,7.5
buranie bytovky,0,12,0%,11.08
removal to slovakia,0,12,0%,14.08
likvidácia nebezpečného odpadu celý film,0,12,0%,16
demolacie,0,12,0%,16.42
junk removal near me,0,12,0%,16.5
najlacnejšie sťahovanie,0,12,0%,16.58
lacne stahovanie trnava,0,12,0%,21.33
preprava nabytku cena,0,12,0%,22.67
transfer service bratislava old town,0,12,0%,22.75
buranie domu cennik,0,12,0%,27.83
warehouse relocation,0,12,0%,61.33
montáž nabytku,0,11,0%,3.91
moving service,0,11,0%,4
odvoz starej postele,0,11,0%,4.18
kontajnery na stavebny odpad,0,11,0%,4.64
skladani nabytku,0,11,0%,6.36
furniture moving,0,11,0%,6.91
stahovanie z uk na slovensko,0,11,0%,8.91
ako sa zbavit stareho nabytku,0,11,0%,9.55
vypratanie bytu po kupe,0,11,0%,10
buracie práce,0,11,0%,10.82
removal van to slovakia,0,11,0%,12.64
hodinoví manžel,0,11,0%,13.36
removals to slovakia from uk,0,11,0%,15
kolko stoji buranie domu,0,11,0%,15.45
buranie domu za material,0,11,0%,16.27
drobné opravy v domoch bratislava,0,11,0%,16.27
pracovné kuchynské dosky,0,11,0%,19.45
montaz kuchynskych liniek,0,11,0%,20.18
stěhování z brna do bratislavy,0,11,0%,31.27
buranie domu,0,11,0%,38.64
sťahovanie skladu,0,11,0%,58.18
pracovne dosky bratislava,0,10,0%,3.2
stahova,0,10,0%,5.3
furniture removals to slovakia,0,10,0%,9.3
vypratávanie a odvoz odpadu,0,10,0%,9.4
sťahovanie domácností,0,10,0%,11
apartment moving,0,10,0%,11.5
praca stahovanie bratislava,0,10,0%,12.3
zmiešaný stavebný odpad,0,10,0%,14.7
skladanie kuchynskej linky,0,10,0%,14.8
demolacia domu cena,0,10,0%,20.8
búranie stareho domu cena,0,10,0%,22.6
kontajner na sut,0,10,0%,24.2
búranie,0,10,0%,24.9
kuchynské pracovné dosky,0,10,0%,25
stahovanie sala,0,10,0%,26.1
likvidácia firmy,0,10,0%,28.7
stěhování z brna na slovensko,0,10,0%,33.5
odvoz a likvidacia odpadu bratislava,0,10,0%,34.1
moving home,0,9,0%,3.56
house movers,0,9,0%,11.22
eko cistenie domacnosti,0,9,0%,15
stahovanie kosice najlacnejsie,0,9,0%,18
vypratavanie po starych rodicoch,0,9,0%,18
zvacsenie otvoru v nosnej stene,0,9,0%,22
najlepší chladničky,0,9,0%,33.67
stahovanie kosice,0,9,0%,44.44
nosne steny v panelaku,0,8,0%,2.25
junk removal,0,8,0%,6.88
hodinovy mamzel,0,8,0%,7.38
junk removal services,0,8,0%,7.38
kontajner na odpad,0,8,0%,7.5
odvoz nebezpečného odpadu celý film,0,8,0%,9.62
international van transfer slovakia,0,8,0%,10.88
krabica na stahovanie,0,8,0%,11.38
šikovný majster,0,8,0%,12.12
vyrezanie otvoru do nosnej steny,0,8,0%,12.25
removals to slovakia part load,0,8,0%,12.38
preprava nábytku doprava,0,8,0%,15.75
vypratavania a stahovanie bratislava vrakuna,0,8,0%,16.5
vypratanie z bytu,0,8,0%,18.12
buranie murov trnava,0,8,0%,18.88
montaz kuchynske linky,0,8,0%,20.38
kontajnery na odpad bratislava cena,0,8,0%,21.75
kontajner trnava,0,8,0%,22.88
montáž kuchynskej linky postup,0,8,0%,26.88
preprava nabytku nitra,0,8,0%,29
skladovaci sluzby,0,8,0%,29.88
starý nábytok výkup bratislava,0,8,0%,35.38
piano moving,0,7,0%,4.57
ano,0,7,0%,4.71
sťahovanie z anglicka,0,7,0%,5.86
hodinový,0,7,0%,8.71
vyvoz odpadu nitra,0,7,0%,11
ako sa zbaviť starého nábytku,0,7,0%,11.29
kontajnery hlohovec,0,7,0%,11.43
montaz nabytku ikea,0,7,0%,13.57
vyvoz odpadu hlohovec,0,7,0%,13.86
krabice na stahovanie,0,7,0%,15.29
montaznik nabytku,0,7,0%,16.71
montáž kuchyne cena,0,7,0%,17.14
kurierske firmy,0,7,0%,20.86
stahovanie nabytku zilina,0,7,0%,22.14
prepravna sluzba,0,7,0%,23.43
prepravná služba,0,7,0%,26.14
domaci majster,0,7,0%,26.29
stahovanie zilina,0,7,0%,37
service,0,6,0%,3.5
furniture removal,0,6,0%,3.67
jysk montáž nábytku,0,6,0%,5
služby,0,6,0%,7.33
vypratavanie poval,0,6,0%,9.33
rezanie do nosnej steny cena,0,6,0%,9.83
búracie prace bratislava,0,6,0%,12.33
demolacia budovy,0,6,0%,12.33
montovanie nábytku,0,6,0%,13.5
ikea montovanie nabytku,0,6,0%,16.67
likvidácia elektronického odpadu,0,6,0%,18.83
odpad trnava,0,6,0%,22.17
cena búracích prác,0,6,0%,23.17
cistenie pozemku od naletovych drevin povolenie,0,6,0%,23.67
odvoz a likvidacia odpadu,0,6,0%,24
odvoz starého nábytku košice,0,6,0%,25.83
skladanie nábytku košice,0,6,0%,27.5
búracie práce cena,0,6,0%,28.67
demontáž kuchynskej linky,0,6,0%,29
najlepšie kuchyne,0,6,0%,30.33
prepravne spolocnosti bratislava,0,6,0%,31.83
cena za odvoz odpadu bratislava,0,6,0%,32.5
hodinový manžel košice,0,6,0%,37
movers near me,0,5,0%,1
professional moving,0,5,0%,1.2
vodar trnava,0,5,0%,1.2
odvoz starej sedačky,0,5,0%,2.8
cheap moving,0,5,0%,5.2
international moving company,0,5,0%,5.6
kde vyviest stavebny odpad,0,5,0%,5.8
odvoz stareho gauca,0,5,0%,7.2
likvidácia nebezpečného odpadu bratislava,0,5,0%,8
"✅ hodinový manžel ® - spoľahlivý majster do pár minút, karpatské námestie, 
rača, slovakia",0,5,0%,8.8
odvoz stareho nabytku zilina,0,5,0%,9
vypratanie domu cena,0,5,0%,9.4
stahovanie z anglicka,0,5,0%,10
hodinový manžel topoľčany,0,5,0%,11.6
skladovacie služby cena,0,5,0%,11.8
montaz kuchyne cena,0,5,0%,15.6
najrychlejsie stahovanie,0,5,0%,15.8
čistenie pozemku,0,5,0%,17
prenášanie ťažkých vecí,0,5,0%,18
vypratavacie prace,0,5,0%,19
vynos nabytku bratislava,0,5,0%,21
stahovanie nabytku kosice,0,5,0%,21.2
montaz pracovnej dosky cena,0,5,0%,21.8
hodinový manžel pezinok,0,5,0%,22.4
vynaska nabytku do bytu,0,5,0%,22.6
vypratanie bytu kosice,0,5,0%,22.8
autodoprava cenník,0,5,0%,23
odvoz starého nábytku zdarma,0,5,0%,23.2
likvidácia,0,5,0%,23.8
pracovne skrine,0,5,0%,25.2
pracovné dosky,0,5,0%,26.6
lacne stahovanie nitra,0,5,0%,29
kolko stoji buranie stareho domu,0,5,0%,30.4
montáž skříní skladů,0,5,0%,32.4
demolacia stareho domu,0,5,0%,33
stahovacia sluzba poprad,0,5,0%,35.6
likvidácia odpadu,0,5,0%,37.8
sconto nábytok montáž nábytku,0,5,0%,37.8
hodinový manžel prešov,0,5,0%,38.6
hodinový manžel poprad,0,5,0%,38.8
asa trnava,0,5,0%,45.2
výkup nábytku bratislava,0,5,0%,45.2
moving services europe,0,5,0%,52
vozík na prepravu nábytku,0,5,0%,52.8
velky kontajner na odpad cena,0,5,0%,56.8
kontajner na odpad cena,0,5,0%,64.2
local moving company,0,4,0%,1
moving services near me,0,4,0%,1
vodoinštalatér trnava,0,4,0%,1.75
likvidácia starého nábytku,0,4,0%,2
buracie prace v byte,0,4,0%,3
stahovanie do spanielska,0,4,0%,3
moving house,0,4,0%,3.5
furniture assembly,0,4,0%,4.25
demontáž kuchynskej linky cena,0,4,0%,5
moving companies near me,0,4,0%,5
odvoz starych matracov,0,4,0%,7
skládka stavebného odpadu nitra,0,4,0%,7
odvoz postele,0,4,0%,7.5
kurier preprava nabytku,0,4,0%,8
buranie priecky v byte povolenie,0,4,0%,9.75
international moving services,0,4,0%,10
transport piano,0,4,0%,11
kartony na stahovanie,0,4,0%,11.75
sťahovanie bytu cena,0,4,0%,13.5
malý domáci majster,0,4,0%,16
montáž kuchynskej linky na stenu,0,4,0%,16.75
odvoz odpadu cena,0,4,0%,17.75
hodinový manžel nové mesto nad váhom,0,4,0%,18.25
čistenie pozemkov hlohovec,0,4,0%,18.5
kolko stoji zburanie domu,0,4,0%,19.75
hodinovy manzel.sk,0,4,0%,20
demolačné a búracie práce,0,4,0%,20.25
kontajner na zmiešaný odpad,0,4,0%,20.25
preprava trnava,0,4,0%,21.25
handling bratislava,0,4,0%,21.75
odvoz odpadu kontajnerom,0,4,0%,23.5
montaz kuchyne cenik,0,4,0%,23.75
stahovenie kancelarii,0,4,0%,24.75
drobné opravy v bytoch,0,4,0%,25.5
stavebná suť cena,0,4,0%,27.25
stahovacie sluzby kosice,0,4,0%,29
kontajner na odpad bratislava,0,4,0%,29.75
vypratanie nehnutelnosti,0,4,0%,31.25
stahovacie sluzby prievidza,0,4,0%,31.5
odstranenie chemickeho odpadu eko,0,4,0%,32.5
sťahovanie nábytku košice,0,4,0%,39.25
kontajner stavebny odpad,0,4,0%,67.25
doprava a montáž,0,4,0%,71.25
oprava praciek trnava,0,3,0%,1
local moving,0,3,0%,1.33
stahovan,0,3,0%,2.33
house moving,0,3,0%,2.67
junk,0,3,0%,3
hodinový manžel devínska nová ves,0,3,0%,3.33
montáž a demontáž nábytku,0,3,0%,3.33
šofo,0,3,0%,3.33
kam odviest stavebny odpad,0,3,0%,3.67
kontajner na odvoz odpadu,0,3,0%,3.67
services,0,3,0%,4
bwoah servis,0,3,0%,5.67
residential mover,0,3,0%,7
storage installation,0,3,0%,7
cena stavebného odpadu,0,3,0%,7.67
lacne stahovanie -plusim,0,3,0%,7.67
montaz ikea nabytku,0,3,0%,8
lacne stahovanie -plus,0,3,0%,8.67
moving company near me prices,0,3,0%,9.33
majster bratislava,0,3,0%,11.33
montáž nábytku ikea,0,3,0%,11.67
cistenie zahrad,0,3,0%,12
concrete waste disposal near me,0,3,0%,13.33
výroba nábytku bratislava,0,3,0%,13.67
kuchyne s montážou,0,3,0%,17
vyroba nabytku bratislava,0,3,0%,17
yatriedenie stavebneho odpadu,0,3,0%,17
stahovanie extra,0,3,0%,18.67
stahovanie bytov zilina,0,3,0%,20
sťahovanie kompletných prevádzok,0,3,0%,20
čistenie pozemkov senec,0,3,0%,20
kuchynské pracovné dosky bratislava,0,3,0%,21
stahovanie sa do zahranicia,0,3,0%,21.67
batéria kuchynská,0,3,0%,22
sofa transport,0,3,0%,22
nabytok s montazou,0,3,0%,23.67
skrinky,0,3,0%,24
montaz skrine,0,3,0%,24.33
prepravné spoločnosti,0,3,0%,24.33
búranie domu povolenie,0,3,0%,25
preprava odpadu,0,3,0%,25.33
domaci majster stupava,0,3,0%,25.67
kolko stoji búranie stareho domu,0,3,0%,27.33
cena buracich prac,0,3,0%,27.67
preprava,0,3,0%,28
prepravna spolocnost,0,3,0%,28.33
jysk levice otváracie hodiny,0,3,0%,29.67
oresi cennik,0,3,0%,30
skládka stavebného odpadu,0,3,0%,30.33
montaz vstavanych spotrebicov,0,3,0%,30.67
najlepsie kuchyne,0,3,0%,34.33
moving homes,0,3,0%,34.67
hodinový manžel banská bystrica,0,3,0%,38
stahovacia sluzba kosice,0,3,0%,40
hodinovy manzel kosice,0,3,0%,43.67
stahovacia sluzba zilina,0,3,0%,49
sťahovanie nové mesto nad váhom,0,3,0%,50.33
transport and assembly of luxury furniture,0,3,0%,61.33
junk removal same day near me,0,2,0%,1
kolko stoji kontajner na odpad,0,2,0%,1
"lermontovova 3, 811 05 bratislava",0,2,0%,1
local moving companies,0,2,0%,1
stěhování,0,2,0%,1
trash removal service,0,2,0%,1
búracie a demolačné práce,0,2,0%,2
movers company,0,2,0%,2
oprava pracky trnava,0,2,0%,2
sofros,0,2,0%,2
hodinovy manzel vodar,0,2,0%,2.5
office moving,0,2,0%,2.5
bratislava,0,2,0%,3
hodinový manžel co to je,0,2,0%,3
commercial movers,0,2,0%,4
montaž,0,2,0%,4
servis nábytku,0,2,0%,4
skládka stavebného odpadu bratislava,0,2,0%,4
assembly service,0,2,0%,5
buracie prace a odvoz odpadu,0,2,0%,5
moving sofa,0,2,0%,5.5
piano transport,0,2,0%,5.5
preprava objemných zásielok,0,2,0%,6
búracie prace,0,2,0%,6.5
hodinový manzel cena,0,2,0%,6.5
kontajner na stavebny odpad cena,0,2,0%,7.5
odvoz sedačky,0,2,0%,7.5
skládka stavebného odpadu nitra okolie,0,2,0%,7.5
výnos nábytku,0,2,0%,7.5
construction waste removal services,0,2,0%,9
schodisko do domu,0,2,0%,9.5
stahovanie kancelarii -plusim,0,2,0%,9.5
hodinový manžel zahrada,0,2,0%,10
sťahovacie krabice,0,2,0%,10
condominium moving companies,0,2,0%,10.5
moving vienna,0,2,0%,10.5
odvoz odpadu senica 2026,0,2,0%,10.5
hodinový manžel jota,0,2,0%,11
firma na sťahovanie,0,2,0%,12
miloš studenovský,0,2,0%,12
sconto odvoz starého nábytku,0,2,0%,12
vase stahovanie,0,2,0%,12
garbage dumpster,0,2,0%,13
buranie garaze,0,2,0%,13.5
montáž a demontáž,0,2,0%,14.5
výťah na schody,0,2,0%,16
nábytok do malého bytu,0,2,0%,16.5
skladovacie sluzby,0,2,0%,17
demolácia domu cena gabčíkovo,0,2,0%,20
hodinový manžel malacky,0,2,0%,20.5
kuchynské roboty,0,2,0%,21
packing service,0,2,0%,21
waste disposal services,0,2,0%,21
skladovací služby,0,2,0%,21.5
cena búrania domu,0,2,0%,24
uchytenie kuchynskej linky,0,2,0%,24.5
klcovanie pozemku cena,0,2,0%,25
montáž nábytku nitra,0,2,0%,25.5
prepravné služby,0,2,0%,26
garáží,0,2,0%,26.5
auto preprava,0,2,0%,27
demolacne prace cena,0,2,0%,27
hodinový manžel zvolen,0,2,0%,28
odvoz nabytku zdarma,0,2,0%,28
suť cena,0,2,0%,28
kde kúpiť kuchynské dvierka,0,2,0%,28.5
kompletizácia cena,0,2,0%,29
junk removal furniture,0,2,0%,29.5
kvalitné chladničky,0,2,0%,29.5
ako namontovať kuchynsku linku,0,2,0%,30
montáž kuchynských dvierok,0,2,0%,30
odstranenie nebezpecneho odpadu,0,2,0%,30.5
sťahovacie služby košice,0,2,0%,31
vienna international removals,0,2,0%,32
výroba schodov,0,2,0%,32
demolacia domu čadca,0,2,0%,32.5
stahovanie bb,0,2,0%,33.5
hodinový manžel prievidza,0,2,0%,34.5
office furniture relocation services,0,2,0%,36
demolácia,0,2,0%,36.5
montáž kuchynskej linky decodom,0,2,0%,37
komunálny odpad nitra,0,2,0%,37.5
jysk krabice na stahovanie,0,2,0%,40
hodinovy manzel bb,0,2,0%,41
odvoz stavebného odpadu pezinok,0,2,0%,42
balik z anglicka po brexite,0,2,0%,47
zanglicka,0,2,0%,48
cena kontajneru na odpad,0,2,0%,53
skladka bratislava,0,2,0%,57
požičanie kontajnera na odpad cena,0,2,0%,68.5
building waste removal,0,1,0%,1
car moving,0,1,0%,1
demontáž kuchyňské linky cena,0,1,0%,1
furniture packers and movers,0,1,0%,1
getting furniture up narrow stairs,0,1,0%,1
hodinovy manzel cenik,0,1,0%,1
i need a taxi to help move my furniture this weekend,0,1,0%,1
junk hauling near me,0,1,0%,1
junk removal service,0,1,0%,1
kolko stoji odvoz stavebneho odpadu,0,1,0%,1
kontajnery na stavebný odpad,0,1,0%,1
lermontovova 911/3,0,1,0%,1
letecká záchranná služba nitra,0,1,0%,1
luggage movers near me,0,1,0%,1
moving comoany,0,1,0%,1
moving companies local,0,1,0%,1
moving the furniture,0,1,0%,1
odhadca nehnuteľností cena,0,1,0%,1
odvoz a likvidace starého nábytku,0,1,0%,1
oprava praciek,0,1,0%,1
oprava pracky,0,1,0%,1
oprava práčok trnava,0,1,0%,1
oprava televízorov bratislava,0,1,0%,1
petrzalka,0,1,0%,1
piano movers,0,1,0%,1
removal,0,1,0%,1
removal firms near me,0,1,0%,1
removal furniture,0,1,0%,1
remove junk,0,1,0%,1
service demenagement,0,1,0%,1
service déménagement,0,1,0%,1
servis praciek,0,1,0%,1
small movers,0,1,0%,1
sofa cushion zip repair near me,0,1,0%,1
sofimx,0,1,0%,1
sofixd,0,1,0%,1
sofss,0,1,0%,1
tepovanie auta trnava,0,1,0%,1
trash pickup,0,1,0%,1
vodari trnava,0,1,0%,1
wall demolition work,0,1,0%,1
waste pickup,0,1,0%,1
cena,0,1,0%,2
cheap movers near me,0,1,0%,2
cisteni auta,0,1,0%,2
good company,0,1,0%,2
idk,0,1,0%,2
inštalatér trnava,0,1,0%,2
montovanie,0,1,0%,2
montáž,0,1,0%,2
movers and storage,0,1,0%,2
nábytku,0,1,0%,2
okolie,0,1,0%,2
piano moving co,0,1,0%,2
soferko,0,1,0%,2
sofivolkova,0,1,0%,2
sofow,0,1,0%,2
stehování,0,1,0%,2
upratovacie služby trnava,0,1,0%,2
vodoinstalater trnava,0,1,0%,2
best storage,0,1,0%,3
couch transport,0,1,0%,3
demol,0,1,0%,3
firmy bratislava,0,1,0%,3
international moving service,0,1,0%,3
kuchyne cena,0,1,0%,3
majster,0,1,0%,3
nitra,0,1,0%,3
odvoz použitého nábytku,0,1,0%,3
przeprowadzki bratysława,0,1,0%,3
remival,0,1,0%,3
removal old furniture,0,1,0%,3
residential moving company,0,1,0%,3
studio apartment moving services,0,1,0%,3
фирма,0,1,0%,3
"""junk removal""",0,1,0%,4
dumpster bin,0,1,0%,4
firmy,0,1,0%,4
furniture moving companies,0,1,0%,4
galanta,0,1,0%,4
garazsnov sk,0,1,0%,4
heringes,0,1,0%,4
objednávka kontajneru na odpad,0,1,0%,4
plumbing repair,0,1,0%,4
removal debris,0,1,0%,4
sofol,0,1,0%,4
stavebny odpad,0,1,0%,4
v bratislave,0,1,0%,4
vodár trnava,0,1,0%,4
construction waste removal,0,1,0%,5
furniture assembly service,0,1,0%,5
furniture junk removal,0,1,0%,5
kontajner odvoz odpadu,0,1,0%,5
likvidace nebezpečného odpadu,0,1,0%,5
profesionálna montáž,0,1,0%,5
stavba nábytku,0,1,0%,5
werkstatt in der nähe,0,1,0%,5
demolish work,0,1,0%,6
handyman,0,1,0%,6
handyman services,0,1,0%,6
move the furniture,0,1,0%,6
nosna,0,1,0%,6
odvoz odpadu bratislava staré mesto,0,1,0%,6
office furniture removalists,0,1,0%,6
sťahovanie na slovensku,0,1,0%,6
transport klavira,0,1,0%,6
international relocation services,0,1,0%,7
kontajner odpad,0,1,0%,7
moving company that will pack for you,0,1,0%,7
prenajom kontajnera na odpad,0,1,0%,7
removals furniture,0,1,0%,7
sofa construction,0,1,0%,7
subservis,0,1,0%,7
0951 slovensko,0,1,0%,8
carpenter near me,0,1,0%,8
furniture movers near me,0,1,0%,8
furniture moving company near me,0,1,0%,8
moja firma,0,1,0%,8
moving home services,0,1,0%,8
odvoz odpadu laksarska nova ves,0,1,0%,8
servis chladniciek,0,1,0%,8
serwice,0,1,0%,8
sevise,0,1,0%,8
sklad nabytku,0,1,0%,8
stěhovací firma,0,1,0%,8
zásobovanie,0,1,0%,8
construction debris,0,1,0%,9
montovane schodisko,0,1,0%,9
presun nabytku,0,1,0%,9
stahovacie kolieska,0,1,0%,9