"Address","Errors","Warnings","Rich Result Errors","Rich Result Warnings","Rich Result Features","Feature-1","Total Types","Unique Types","Type-1","Indexability","Indexability Status"
"https://www.sofoservis.sk/","0","0","0","0","0","","0","0","","Indexable",""
"https://www.sofoservis.sk/stahovanie-senica","0","0","0","0","0","","0","0","","Indexable",""
"https://www.sofoservis.sk/en","0","0","0","0","0","","0","0","","Indexable",""
"https://www.sofoservis.sk/stahovanie-bratislava","0","0","0","0","0","","0","0","","Indexable",""
"https://www.sofoservis.sk/montaz-nabytku","0","0","0","0","0","","0","0","","Indexable",""
"https://www.sofoservis.sk/cennik","0","0","0","0","0","","0","0","","Indexable",""
"https://www.sofoservis.sk/likvidacia-nebezpecneho-odpadu-starych-spotrebicov","0","0","0","0","0","","0","0","","Indexable",""
"https://www.sofoservis.sk/buranie-stien-priecok","0","0","0","0","0","","0","0","","Indexable",""
"https://www.sofoservis.sk/stahovanie-sala","0","0","0","0","0","","0","0","","Indexable",""
"https://www.sofoservis.sk/kontakt","0","0","0","0","0","","0","0","","Indexable",""
"https://www.sofoservis.sk/stahovanie-malacky","0","0","0","0","0","","0","0","","Indexable",""
"https://www.sofoservis.sk/stahovanie-piestany","0","0","0","0","0","","0","0","","Indexable",""
"https://www.sofoservis.sk/stahovanie","0","0","0","0","0","","0","0","","Indexable",""
"https://www.sofoservis.sk/stahovanie-preprava-nabytku","0","0","0","0","0","","0","0","","Indexable",""
"https://www.sofoservis.sk/hodinovy-manzel-majster","0","0","0","0","0","","0","0","","Indexable",""
"https://www.sofoservis.sk/vypratavanie-pivnic-garazi-nebytovych-priestorov","0","0","0","0","0","","0","0","","Indexable",""
"https://www.sofoservis.sk/stahovanie-hlohovec","0","0","0","0","0","","0","0","","Indexable",""
"https://www.sofoservis.sk/stahovanie-levice","0","0","0","0","0","","0","0","","Indexable",""
"https://www.sofoservis.sk/zasady-pouzivania-cookies","0","0","0","0","0","","0","0","","Indexable",""
"https://www.sofoservis.sk/stahovanie-kancelarii-firiem","0","0","0","0","0","","0","0","","Indexable",""
"https://www.sofoservis.sk/blog","0","0","0","0","0","","0","0","","Indexable",""
"https://www.sofoservis.sk/stahovanie-tazkych-bremien","0","0","0","0","0","","0","0","","Indexable",""
"https://www.sofoservis.sk/vypratavanie-odvoz-stareho-nabytku","0","0","0","0","0","","0","0","","Indexable",""
"https://www.sofoservis.sk/stahovanie-bytov-domov","0","0","0","0","0","","0","0","","Indexable",""
"https://www.sofoservis.sk/stahovanie-komarno","0","0","0","0","0","","0","0","","Indexable",""
"https://www.sofoservis.sk/montaz-kuchyne","0","0","0","0","0","","0","0","","Indexable",""
"https://www.sofoservis.sk/stahovanie-galanta","0","0","0","0","0","","0","0","","Indexable",""
"https://www.sofoservis.sk/vypratavanie-bytov-domov","0","0","0","0","0","","0","0","","Indexable",""
"https://www.sofoservis.sk/stahovanie-nitra","0","0","0","0","0","","0","0","","Indexable",""
"https://www.sofoservis.sk/stahovanie-senec","0","0","0","0","0","","0","0","","Indexable",""
"https://www.sofoservis.sk/buranie-demolacia-domov-bytov","0","0","0","0","0","","0","0","","Indexable",""
"https://www.sofoservis.sk/vypratavanie","0","0","0","0","0","","0","0","","Indexable",""
"https://www.sofoservis.sk/cistenie-vypratavanie-pozemkov-nehnutelnosti","0","0","0","0","0","","0","0","","Indexable",""
"https://www.sofoservis.sk/zasady-spracovania-osobnych-udajov","0","0","0","0","0","","0","0","","Indexable",""
"https://www.sofoservis.sk/odvoz-likvidacia-stavebneho-odpadu","0","0","0","0","0","","0","0","","Indexable",""
"https://www.sofoservis.sk/referencie","0","0","0","0","0","","0","0","","Indexable",""
"https://www.sofoservis.sk/stahovanie-pezinok","0","0","0","0","0","","0","0","","Indexable",""
"https://www.sofoservis.sk/stahovanie-trnava","0","0","0","0","0","","0","0","","Indexable",""
"https://www.sofoservis.sk/stahovanie-stupava","0","0","0","0","0","","0","0","","Indexable",""
"https://www.sofoservis.sk/medzinarodne-stahovanie","0","0","0","0","0","","0","0","","Indexable",""
"https://www.sofoservis.sk/stahovanie-samorin","0","0","0","0","0","","0","0","","Indexable",""
"https://www.sofoservis.sk/en/moving-stupava","0","0","0","0","0","","0","0","","Indexable",""
"https://www.sofoservis.sk/medzinarodne-stahovanie/svedsko","0","0","0","0","0","","0","0","","Indexable",""
"https://www.sofoservis.sk/en/moving-trnava","0","0","0","0","0","","0","0","","Indexable",""
"https://www.sofoservis.sk/medzinarodne-stahovanie/spanielsko","0","0","0","0","0","","0","0","","Indexable",""
"https://www.sofoservis.sk/en/moving-samorin","0","0","0","0","0","","0","0","","Indexable",""
"https://www.sofoservis.sk/medzinarodne-stahovanie/praha","0","0","0","0","0","","0","0","","Indexable",""
"https://www.sofoservis.sk/medzinarodne-stahovanie/holandsko","0","0","0","0","0","","0","0","","Indexable",""
"https://www.sofoservis.sk/medzinarodne-stahovanie/zurich","0","0","0","0","0","","0","0","","Indexable",""
"https://www.sofoservis.sk/medzinarodne-stahovanie/frankfurt","0","0","0","0","0","","0","0","","Indexable",""
"https://www.sofoservis.sk/medzinarodne-stahovanie/dublin","0","0","0","0","0","","0","0","","Indexable",""
"https://www.sofoservis.sk/medzinarodne-stahovanie/norsko","0","0","0","0","0","","0","0","","Indexable",""
"https://www.sofoservis.sk/stahovanie-na-slovensko","0","0","0","0","0","","0","0","","Indexable",""
"https://www.sofoservis.sk/medzinarodne-stahovanie/pariz","0","0","0","0","0","","0","0","","Indexable",""
"https://www.sofoservis.sk/medzinarodne-stahovanie/budapest","0","0","0","0","0","","0","0","","Indexable",""
"https://www.sofoservis.sk/medzinarodne-stahovanie/belgicko","0","0","0","0","0","","0","0","","Indexable",""
"https://www.sofoservis.sk/medzinarodne-stahovanie/nemecko","0","0","0","0","0","","0","0","","Indexable",""
"https://www.sofoservis.sk/medzinarodne-stahovanie/brno","0","0","0","0","0","","0","0","","Indexable",""
"https://www.sofoservis.sk/medzinarodne-stahovanie/hamburg","0","0","0","0","0","","0","0","","Indexable",""
"https://www.sofoservis.sk/stahovanie-zo-slovenska","0","0","0","0","0","","0","0","","Indexable",""
"https://www.sofoservis.sk/medzinarodne-stahovanie/dansko","0","0","0","0","0","","0","0","","Indexable",""
"https://www.sofoservis.sk/medzinarodne-stahovanie/irsko","0","0","0","0","0","","0","0","","Indexable",""
"https://www.sofoservis.sk/medzinarodne-stahovanie/taliansko","0","0","0","0","0","","0","0","","Indexable",""
"https://www.sofoservis.sk/medzinarodne-stahovanie/polsko","0","0","0","0","0","","0","0","","Indexable",""
"https://www.sofoservis.sk/medzinarodne-stahovanie/brusel","0","0","0","0","0","","0","0","","Indexable",""
"https://www.sofoservis.sk/medzinarodne-stahovanie/ceska-republika","0","0","0","0","0","","0","0","","Indexable",""
"https://www.sofoservis.sk/medzinarodne-stahovanie/amsterdam","0","0","0","0","0","","0","0","","Indexable",""
"https://www.sofoservis.sk/medzinarodne-stahovanie/francuzsko","0","0","0","0","0","","0","0","","Indexable",""
"https://www.sofoservis.sk/medzinarodne-stahovanie/berlin","0","0","0","0","0","","0","0","","Indexable",""
"https://www.sofoservis.sk/medzinarodne-stahovanie/londyn","0","0","0","0","0","","0","0","","Indexable",""
"https://www.sofoservis.sk/medzinarodne-stahovanie/rakusko","0","0","0","0","0","","0","0","","Indexable",""
"https://www.sofoservis.sk/medzinarodne-stahovanie/vieden","0","0","0","0","0","","0","0","","Indexable",""
"https://www.sofoservis.sk/medzinarodne-stahovanie/madarsko","0","0","0","0","0","","0","0","","Indexable",""
"https://www.sofoservis.sk/medzinarodne-stahovanie/svajciarsko","0","0","0","0","0","","0","0","","Indexable",""
"https://www.sofoservis.sk/medzinarodne-stahovanie/mnichov","0","0","0","0","0","","0","0","","Indexable",""
"https://www.sofoservis.sk/medzinarodne-stahovanie/anglicko","0","0","0","0","0","","0","0","","Indexable",""
"https://www.sofoservis.sk/medzinarodne-stahovanie/varsava","0","0","0","0","0","","0","0","","Indexable",""
"https://www.sofoservis.sk/en/moving-pezinok","0","0","0","0","0","","0","0","","Indexable",""
"https://www.sofoservis.sk/odvoz-likvidacia-stavebneho-odpadu/bratislava","0","0","0","0","0","","0","0","","Indexable",""
"https://www.sofoservis.sk/odvoz-likvidacia-stavebneho-odpadu/senec","0","0","0","0","0","","0","0","","Indexable",""
"https://www.sofoservis.sk/odvoz-likvidacia-stavebneho-odpadu/galanta","0","0","0","0","0","","0","0","","Indexable",""
"https://www.sofoservis.sk/odvoz-likvidacia-stavebneho-odpadu/hlohovec","0","0","0","0","0","","0","0","","Indexable",""
"https://www.sofoservis.sk/odvoz-likvidacia-stavebneho-odpadu/senica","0","0","0","0","0","","0","0","","Indexable",""
"https://www.sofoservis.sk/odvoz-likvidacia-stavebneho-odpadu/trnava","0","0","0","0","0","","0","0","","Indexable",""
"https://www.sofoservis.sk/odvoz-likvidacia-stavebneho-odpadu/nitra","0","0","0","0","0","","0","0","","Indexable",""
"https://www.sofoservis.sk/vypratavanie-po-rekonstrukcii","0","0","0","0","0","","0","0","","Indexable",""
"https://www.sofoservis.sk/vypratavanie-pozostalosti","0","0","0","0","0","","0","0","","Indexable",""
"https://www.sofoservis.sk/vypratavanie-senec","0","0","0","0","0","","0","0","","Indexable",""
"https://www.sofoservis.sk/vypratavanie-samorin","0","0","0","0","0","","0","0","","Indexable",""
"https://www.sofoservis.sk/vypratavanie-komarno","0","0","0","0","0","","0","0","","Indexable",""
"https://www.sofoservis.sk/vypratavanie-stupava","0","0","0","0","0","","0","0","","Indexable",""
"https://www.sofoservis.sk/vypratavanie-galanta","0","0","0","0","0","","0","0","","Indexable",""
"https://www.sofoservis.sk/vypratavanie-pezinok","0","0","0","0","0","","0","0","","Indexable",""
"https://www.sofoservis.sk/vypratavanie-trnava","0","0","0","0","0","","0","0","","Indexable",""
"https://www.sofoservis.sk/vypratavanie-kancelarii","0","0","0","0","0","","0","0","","Indexable",""
"https://www.sofoservis.sk/vypratavanie-chalupy","0","0","0","0","0","","0","0","","Indexable",""
"https://www.sofoservis.sk/vypratavanie-senica","0","0","0","0","0","","0","0","","Indexable",""
"https://www.sofoservis.sk/vypratavanie-levice","0","0","0","0","0","","0","0","","Indexable",""
"https://www.sofoservis.sk/vypratavanie-nitra","0","0","0","0","0","","0","0","","Indexable",""
"https://www.sofoservis.sk/vypratavanie-hlohovec","0","0","0","0","0","","0","0","","Indexable",""
"https://www.sofoservis.sk/vypratavanie-piestany","0","0","0","0","0","","0","0","","Indexable",""
"https://www.sofoservis.sk/vypratavanie-malacky","0","0","0","0","0","","0","0","","Indexable",""
"https://www.sofoservis.sk/en/moving-senec","0","0","0","0","0","","0","0","","Indexable",""
"https://www.sofoservis.sk/en/moving-nitra","0","0","0","0","0","","0","0","","Indexable",""
"https://www.sofoservis.sk/en/moving-galanta","0","0","0","0","0","","0","0","","Indexable",""
"https://www.sofoservis.sk/en/moving-komarno","0","0","0","0","0","","0","0","","Indexable",""
"https://www.sofoservis.sk/blog/vypratavanie-po-rekonstrukcii-odvoz-stavebneho-odpadu","0","0","0","0","0","","0","0","","Indexable",""
"https://www.sofoservis.sk/blog/kolko-stoji-stahovanie-bratislava-2026","0","0","0","0","0","","0","0","","Indexable",""
"https://www.sofoservis.sk/blog/vypratavanie-bytov-pezinok","0","0","0","0","0","","0","0","","Indexable",""
"https://www.sofoservis.sk/blog/ako-si-vybrat-stahovaciu-firmu-10-kriterii","0","0","0","0","0","","0","0","","Indexable",""
"https://www.sofoservis.sk/blog/medzinarodne-stahovanie-slovensko-2026","0","0","0","0","0","","0","0","","Indexable",""
"https://www.sofoservis.sk/blog/stahovanie-v-zime-vyhody-vyzvy","0","0","0","0","0","","0","0","","Indexable",""
"https://www.sofoservis.sk/blog/vypratavanie-bytov-malacky","0","0","0","0","0","","0","0","","Indexable",""
"https://www.sofoservis.sk/blog/stahovanie-seniorov-starsich-osob","0","0","0","0","0","","0","0","","Indexable",""
"https://www.sofoservis.sk/blog/prenajom-stahovacieho-auta-vs-firma","0","0","0","0","0","","0","0","","Indexable",""
"https://www.sofoservis.sk/blog/ako-sa-pripravit-na-stahovanie-checklist","0","0","0","0","0","","0","0","","Indexable",""
"https://www.sofoservis.sk/blog/stahovanie-s-domacimi-zvieratami","0","0","0","0","0","","0","0","","Indexable",""
"https://www.sofoservis.sk/blog/vypratavanie-po-sezonnom-uskladneni-bratislava","0","0","0","0","0","","0","0","","Indexable",""
"https://www.sofoservis.sk/blog/montaz-nabytku-ikea-cena","0","0","0","0","0","","0","0","","Indexable",""
"https://www.sofoservis.sk/blog/ako-spravne-zabalit-byt-na-stahovanie","0","0","0","0","0","","0","0","","Indexable",""
"https://www.sofoservis.sk/blog/odovzdanie-bytu-po-najme-checklist","0","0","0","0","0","","0","0","","Indexable",""
"https://www.sofoservis.sk/blog/vypratavanie-bytu-cena-2026","0","0","0","0","0","","0","0","","Indexable",""
"https://www.sofoservis.sk/blog/kolko-stoji-vypratavanie-bytu-bratislava-2026","0","0","0","0","0","","0","0","","Indexable",""
"https://www.sofoservis.sk/blog/vypratavanie-bytov-senec","0","0","0","0","0","","0","0","","Indexable",""
"https://www.sofoservis.sk/blog/vypratavanie-pivnic-skladov-bratislava","0","0","0","0","0","","0","0","","Indexable",""
"https://www.sofoservis.sk/blog/vypratavanie-po-zosnulom","0","0","0","0","0","","0","0","","Indexable",""
"https://www.sofoservis.sk/blog/stahovanie-klavira-tazkych-predmetov","0","0","0","0","0","","0","0","","Indexable",""
"https://www.sofoservis.sk/blog/stahovanie-kancelarie-ako-minimalizovat-prestoj","0","0","0","0","0","","0","0","","Indexable",""
"https://www.sofoservis.sk/blog/hodinovy-manzel-sluzby-cena","0","0","0","0","0","","0","0","","Indexable",""
"https://www.sofoservis.sk/en/moving-levice","0","0","0","0","0","","0","0","","Indexable",""
"https://www.sofoservis.sk/vypratavanie-odvoz-stareho-nabytku/bratislava","0","0","0","0","0","","0","0","","Indexable",""
"https://www.sofoservis.sk/en/moving-hlohovec","0","0","0","0","0","","0","0","","Indexable",""
"https://www.sofoservis.sk/hodinovy-manzel-majster/levice","0","0","0","0","0","","0","0","","Indexable",""
"https://www.sofoservis.sk/hodinovy-manzel-majster/trnava","0","0","0","0","0","","0","0","","Indexable",""
"https://www.sofoservis.sk/hodinovy-manzel-majster/sala","0","0","0","0","0","","0","0","","Indexable",""
"https://www.sofoservis.sk/hodinovy-manzel-majster/galanta","0","0","0","0","0","","0","0","","Indexable",""
"https://www.sofoservis.sk/hodinovy-manzel-majster/nitra","0","0","0","0","0","","0","0","","Indexable",""
"https://www.sofoservis.sk/hodinovy-manzel-majster/bratislava","0","0","0","0","0","","0","0","","Indexable",""
"https://www.sofoservis.sk/stahovanie-strojov-zariadeni","0","0","0","0","0","","0","0","","Indexable",""
"https://www.sofoservis.sk/hodinovy-manzel-majster/piestany","0","0","0","0","0","","0","0","","Indexable",""
"https://www.sofoservis.sk/stahovanie-trezorov","0","0","0","0","0","","0","0","","Indexable",""
"https://www.sofoservis.sk/stahovanie-klavira","0","0","0","0","0","","0","0","","Indexable",""
"https://www.sofoservis.sk/en/moving-malacky","0","0","0","0","0","","0","0","","Indexable",""
"https://www.sofoservis.sk/en/moving-piestany","0","0","0","0","0","","0","0","","Indexable",""
"https://www.sofoservis.sk/en/moving-sala","0","0","0","0","0","","0","0","","Indexable",""
"https://www.sofoservis.sk/buracie-demolacne-prace","0","0","0","0","0","","0","0","","Indexable",""
"https://www.sofoservis.sk/en/moving-bratislava","0","0","0","0","0","","0","0","","Indexable",""
"https://www.sofoservis.sk/stahovanie-karlova-ves","0","0","0","0","0","","0","0","","Indexable",""
"https://www.sofoservis.sk/stahovanie-nove-mesto","0","0","0","0","0","","0","0","","Indexable",""
"https://www.sofoservis.sk/stahovanie-stare-mesto","0","0","0","0","0","","0","0","","Indexable",""
"https://www.sofoservis.sk/stahovanie-petrzalka","0","0","0","0","0","","0","0","","Indexable",""
"https://www.sofoservis.sk/stahovanie-dubravka","0","0","0","0","0","","0","0","","Indexable",""
"https://www.sofoservis.sk/stahovanie-ruzinov","0","0","0","0","0","","0","0","","Indexable",""
"https://www.sofoservis.sk/en/basement-garage-junk-removal","0","0","0","0","0","","0","0","","Indexable",""
"https://www.sofoservis.sk/en/pricing","0","0","0","0","0","","0","0","","Indexable",""
"https://www.sofoservis.sk/en/clearance","0","0","0","0","0","","0","0","","Indexable",""
"https://www.sofoservis.sk/en/furniture-moving-removal","0","0","0","0","0","","0","0","","Indexable",""
"https://www.sofoservis.sk/en/hazardous-waste-removal","0","0","0","0","0","","0","0","","Indexable",""
"https://www.sofoservis.sk/en/kitchen-installation","0","0","0","0","0","","0","0","","Indexable",""
"https://www.sofoservis.sk/en/furniture-removal","0","0","0","0","0","","0","0","","Indexable",""
"https://www.sofoservis.sk/en/wall-demolition","0","0","0","0","0","","0","0","","Indexable",""
"https://www.sofoservis.sk/en/moving-heavy-loads","0","0","0","0","0","","0","0","","Indexable",""
"https://www.sofoservis.sk/en/demolition-services","0","0","0","0","0","","0","0","","Indexable",""
"https://www.sofoservis.sk/en/reviews","0","0","0","0","0","","0","0","","Indexable",""
"https://www.sofoservis.sk/en/international-moving-services","0","0","0","0","0","","0","0","","Indexable",""
"https://www.sofoservis.sk/en/privacy-policy","0","0","0","0","0","","0","0","","Indexable",""
"https://www.sofoservis.sk/en/home-junk-removal","0","0","0","0","0","","0","0","","Indexable",""
"https://www.sofoservis.sk/en/moving","0","0","0","0","0","","0","0","","Indexable",""
"https://www.sofoservis.sk/en/office-moving","0","0","0","0","0","","0","0","","Indexable",""
"https://www.sofoservis.sk/en/cookie-policy","0","0","0","0","0","","0","0","","Indexable",""
"https://www.sofoservis.sk/en/handyman-services","0","0","0","0","0","","0","0","","Indexable",""
"https://www.sofoservis.sk/en/construction-waste-removal","0","0","0","0","0","","0","0","","Indexable",""
"https://www.sofoservis.sk/en/property-land-junk-removal","0","0","0","0","0","","0","0","","Indexable",""
"https://www.sofoservis.sk/en/contact","0","0","0","0","0","","0","0","","Indexable",""
"https://www.sofoservis.sk/en/furniture-assembly","0","0","0","0","0","","0","0","","Indexable",""
"https://www.sofoservis.sk/en/apartment-moving","0","0","0","0","0","","0","0","","Indexable",""
"https://www.sofoservis.sk/en/moving-senica","0","0","0","0","0","","0","0","","Indexable",""
"https://www.sofoservis.sk/vypratavanie-bratislava","0","0","0","0","0","","0","0","","Indexable",""
"https://www.sofoservis.sk/en/moving-to-budapest","0","0","0","0","0","","0","0","","Indexable",""
"https://www.sofoservis.sk/en/moving-to-frankfurt","0","0","0","0","0","","0","0","","Indexable",""
"https://www.sofoservis.sk/en/moving-to-stockholm","0","0","0","0","0","","0","0","","Indexable",""
"https://www.sofoservis.sk/en/moving-from-slovakia-to-france","0","0","0","0","0","","0","0","","Indexable",""
"https://www.sofoservis.sk/en/moving-to-warsaw","0","0","0","0","0","","0","0","","Indexable",""
"https://www.sofoservis.sk/en/moving-to-rome","0","0","0","0","0","","0","0","","Indexable",""
"https://www.sofoservis.sk/en/moving-to-munich","0","0","0","0","0","","0","0","","Indexable",""
"https://www.sofoservis.sk/en/moving-to-zurich","0","0","0","0","0","","0","0","","Indexable",""
"https://www.sofoservis.sk/en/moving-to-berlin","0","0","0","0","0","","0","0","","Indexable",""
"https://www.sofoservis.sk/en/moving-to-london","0","0","0","0","0","","0","0","","Indexable",""
"https://www.sofoservis.sk/en/moving-from-slovakia-to-germany","0","0","0","0","0","","0","0","","Indexable",""
"https://www.sofoservis.sk/en/moving-to-vienna","0","0","0","0","0","","0","0","","Indexable",""
"https://www.sofoservis.sk/en/moving-from-slovakia-to-uk","0","0","0","0","0","","0","0","","Indexable",""
"https://www.sofoservis.sk/en/moving-from-slovakia-to-sweden","0","0","0","0","0","","0","0","","Indexable",""
"https://www.sofoservis.sk/en/moving-from-germany-to-slovakia","0","0","0","0","0","","0","0","","Indexable",""
"https://www.sofoservis.sk/en/moving-to-hamburg","0","0","0","0","0","","0","0","","Indexable",""
"https://www.sofoservis.sk/en/moving-to-barcelona","0","0","0","0","0","","0","0","","Indexable",""
"https://www.sofoservis.sk/en/moving-to-brussels","0","0","0","0","0","","0","0","","Indexable",""
"https://www.sofoservis.sk/en/moving-from-netherlands-to-slovakia","0","0","0","0","0","","0","0","","Indexable",""
"https://www.sofoservis.sk/en/moving-from-slovakia-to-switzerland","0","0","0","0","0","","0","0","","Indexable",""
"https://www.sofoservis.sk/en/moving-from-slovakia-to-netherlands","0","0","0","0","0","","0","0","","Indexable",""
"https://www.sofoservis.sk/en/moving-from-slovakia","0","0","0","0","0","","0","0","","Indexable",""
"https://www.sofoservis.sk/en/moving-from-slovakia-to-austria","0","0","0","0","0","","0","0","","Indexable",""
"https://www.sofoservis.sk/en/moving-from-slovakia-to-norway","0","0","0","0","0","","0","0","","Indexable",""
"https://www.sofoservis.sk/en/moving-to-slovakia","0","0","0","0","0","","0","0","","Indexable",""
"https://www.sofoservis.sk/en/moving-to-prague","0","0","0","0","0","","0","0","","Indexable",""
"https://www.sofoservis.sk/en/moving-to-dublin","0","0","0","0","0","","0","0","","Indexable",""
"https://www.sofoservis.sk/en/moving-to-amsterdam","0","0","0","0","0","","0","0","","Indexable",""
"https://www.sofoservis.sk/en/moving-from-uk-to-slovakia","0","0","0","0","0","","0","0","","Indexable",""
"https://www.sofoservis.sk/en/moving-from-france-to-slovakia","0","0","0","0","0","","0","0","","Indexable",""
"https://www.sofoservis.sk/en/moving-from-slovakia-to-ireland","0","0","0","0","0","","0","0","","Indexable",""
"https://www.sofoservis.sk/en/moving-to-paris","0","0","0","0","0","","0","0","","Indexable",""
"https://www.sofoservis.sk/en/moving-from-austria-to-slovakia","0","0","0","0","0","","0","0","","Indexable",""
"https://www.sofoservis.sk/en/moving-from-usa-to-slovakia","0","0","0","0","0","","0","0","","Indexable",""
"https://www.sofoservis.sk/en/safe-moving","0","0","0","0","0","","0","0","","Indexable",""
"https://www.sofoservis.sk/en/upright-piano-moving","0","0","0","0","0","","0","0","","Indexable",""
"https://www.sofoservis.sk/en/machinery-moving","0","0","0","0","0","","0","0","","Indexable",""
"https://www.sofoservis.sk/en/piano-moving","0","0","0","0","0","","0","0","","Indexable",""
"https://www.sofoservis.sk/en/office-clearance","0","0","0","0","0","","0","0","","Indexable",""
"https://www.sofoservis.sk/en/post-renovation-clearance","0","0","0","0","0","","0","0","","Indexable",""
"https://www.sofoservis.sk/en/cottage-clearance","0","0","0","0","0","","0","0","","Indexable",""
"https://www.sofoservis.sk/en/estate-clearance-bereavement","0","0","0","0","0","","0","0","","Indexable",""
"https://www.sofoservis.sk/en/home-clearance-bratislava","0","0","0","0","0","","0","0","","Indexable",""
"https://www.sofoservis.sk/en/furniture-assembly-bratislava","0","0","0","0","0","","0","0","","Indexable",""
"https://www.sofoservis.sk/buracie-demolacne-prace/trnava","0","0","0","0","0","","0","0","","Indexable",""
"https://www.sofoservis.sk/buracie-demolacne-prace/pezinok","0","0","0","0","0","","0","0","","Indexable",""
"https://www.sofoservis.sk/buracie-demolacne-prace/nitra","0","0","0","0","0","","0","0","","Indexable",""
"https://www.sofoservis.sk/stahovanie-pianina","0","0","0","0","0","","0","0","","Indexable",""
"https://www.sofoservis.sk/en/handyman-piestany","0","0","0","0","0","","0","0","","Indexable",""
"https://www.sofoservis.sk/en/handyman-bratislava","0","0","0","0","0","","0","0","","Indexable",""
"https://www.sofoservis.sk/en/handyman-nitra","0","0","0","0","0","","0","0","","Indexable",""
"https://www.sofoservis.sk/en/handyman-galanta","0","0","0","0","0","","0","0","","Indexable",""
"https://www.sofoservis.sk/en/handyman-sala","0","0","0","0","0","","0","0","","Indexable",""
"https://www.sofoservis.sk/en/old-furniture-removal-bratislava","0","0","0","0","0","","0","0","","Indexable",""
"https://www.sofoservis.sk/en/handyman-trnava","0","0","0","0","0","","0","0","","Indexable",""
"https://www.sofoservis.sk/en/handyman-levice","0","0","0","0","0","","0","0","","Indexable",""
"https://www.sofoservis.sk/en/construction-waste-removal-nitra","0","0","0","0","0","","0","0","","Indexable",""
"https://www.sofoservis.sk/en/construction-waste-removal-trnava","0","0","0","0","0","","0","0","","Indexable",""
"https://www.sofoservis.sk/en/construction-waste-removal-senica","0","0","0","0","0","","0","0","","Indexable",""
"https://www.sofoservis.sk/en/construction-waste-removal-hlohovec","0","0","0","0","0","","0","0","","Indexable",""
"https://www.sofoservis.sk/en/construction-waste-removal-galanta","0","0","0","0","0","","0","0","","Indexable",""
"https://www.sofoservis.sk/buracie-demolacne-prace/bratislava","0","0","0","0","0","","0","0","","Indexable",""
"https://www.sofoservis.sk/en/construction-waste-removal-senec","0","0","0","0","0","","0","0","","Indexable",""
"https://www.sofoservis.sk/en/construction-waste-removal-bratislava","0","0","0","0","0","","0","0","","Indexable",""
"https://www.sofoservis.sk/stahovanie-z-francuzska-na-slovensko","0","0","0","0","0","","0","0","","Indexable",""
"https://www.sofoservis.sk/stahovanie-z-rakuska-na-slovensko","0","0","0","0","0","","0","0","","Indexable",""
"https://www.sofoservis.sk/stahovanie-z-holandska-na-slovensko","0","0","0","0","0","","0","0","","Indexable",""
"https://www.sofoservis.sk/stahovanie-z-nemecka-na-slovensko","0","0","0","0","0","","0","0","","Indexable",""
"https://www.sofoservis.sk/stahovanie-z-anglie-na-slovensko","0","0","0","0","0","","0","0","","Indexable",""
"https://www.sofoservis.sk/stahovanie-z-usa-na-slovensko","0","0","0","0","0","","0","0","","Indexable",""
